{"type":"FeatureCollection","features":[{"type":"Feature","properties":{"NAME":"Luxembourg","ABBREVN":"Luxembourg","SUBJECTO":"Luxembourg","BORDERPRECISION":3,"PARTOF":"Luxembourg"},"geometry":{"type":"MultiPolygon","coordinates":[[[[5.824,49.507],[5.884,49.664],[5.745,49.755],[5.738,49.902],[5.834,50.047],[6.007,50.15],[6.109,50.117],[6.137,49.982],[6.321,49.842],[6.531,49.798],[6.511,49.669],[6.399,49.604],[6.433,49.445],[6.368,49.473],[5.824,49.507]]]]}},{"type":"Feature","properties":{"NAME":"Switzerland","ABBREVN":"Switzerland","SUBJECTO":"Switzerland","BORDERPRECISION":3,"PARTOF":"Switzerland"},"geometry":{"type":"MultiPolygon","coordinates":[[[[9.584,47.409],[9.465,47.286],[9.561,47.156],[9.521,47.069],[9.801,47.042],[9.804,46.977],[10.052,46.868],[10.312,47.017],[10.409,46.965],[10.339,46.748],[10.389,46.653],[10.372,46.566],[10.23,46.589],[10.151,46.662],[10.024,46.621],[9.987,46.498],[10.097,46.439],[9.995,46.252],[9.885,46.403],[9.674,46.38],[9.642,46.325],[9.545,46.312],[9.441,46.375],[9.377,46.534],[9.21,46.498],[9.218,46.348],[9.027,46.175],[9.019,45.934],[8.891,45.866],[8.718,46.007],[8.762,46.089],[8.622,46.121],[8.382,46.284],[8.375,46.471],[8.025,46.289],[8.071,46.193],[7.914,45.999],[7.79,45.927],[7.507,46.003],[7.225,45.911],[6.955,45.939],[6.807,46.394],[6.919,46.395],[6.901,46.44],[6.592,46.518],[6.511,46.516],[6.291,46.423],[6.171,46.296],[6.148,46.207],[6.304,46.366],[6.384,46.342],[6.108,46.126],[5.941,46.176],[6.049,46.277],[6.055,46.422],[6.019,46.484],[6.058,46.616],[6.382,46.804],[6.364,46.946],[6.623,47.054],[6.866,47.31],[6.944,47.326],[6.823,47.378],[6.922,47.514],[7.123,47.511],[7.121,47.468],[7.333,47.465],[7.507,47.604],[7.628,47.564],[7.751,47.616],[7.873,47.573],[8.128,47.644],[8.253,47.594],[8.412,47.604],[8.332,47.693],[8.651,47.783],[8.659,47.715],[8.983,47.68],[8.86,47.657],[8.907,47.645],[9.178,47.664],[9.382,47.571],[9.482,47.482],[9.53,47.481],[9.584,47.409]]],[[[9.199,47.678],[9.218,47.666],[9.124,47.671],[9.199,47.678]]]]}},{"type":"Feature","properties":{"NAME":"Spain","ABBREVN":"Spain","SUBJECTO":"Spain","BORDERPRECISION":3,"PARTOF":"Spain"},"geometry":{"type":"MultiPolygon","coordinates":[[[[1.212,38.898],[1.294,39.031],[1.363,39.073],[1.52,39.118],[1.601,39.096],[1.615,39.028],[1.406,38.846],[1.372,38.831],[1.353,38.868],[1.258,38.864],[1.212,38.898]]],[[[3.372,39.549],[3.306,39.502],[3.242,39.364],[3.064,39.264],[2.986,39.319],[2.755,39.392],[2.728,39.473],[2.754,39.508],[2.694,39.552],[2.437,39.522],[2.364,39.556],[2.386,39.613],[2.778,39.845],[3.071,39.922],[3.135,39.792],[3.181,39.76],[3.261,39.734],[3.383,39.773],[3.48,39.722],[3.372,39.549]]],[[[4.088,39.891],[3.985,39.93],[3.827,39.922],[3.797,40.017],[3.868,40.058],[4.174,40.05],[4.273,39.961],[4.317,39.846],[4.276,39.806],[4.088,39.891]]],[[[1.39,38.643],[1.399,38.738],[1.587,38.672],[1.531,38.654],[1.463,38.686],[1.39,38.643]]],[[[-8.799,42.195],[-8.644,42.42],[-8.942,42.824],[-9.173,42.856],[-9.247,42.901],[-9.271,43.049],[-9.197,43.158],[-9.014,43.281],[-8.849,43.326],[-8.31,43.353],[-8.251,43.43],[-8.22,43.617],[-7.98,43.74],[-7.636,43.721],[-7.151,43.555],[-6.808,43.523],[-6.468,43.563],[-5.98,43.705],[-5.82,43.706],[-5.537,43.577],[-5.225,43.507],[-3.848,43.439],[-3.417,43.376],[-3.196,43.447],[-3.007,43.55],[-2.768,43.538],[-2.367,43.326],[-2.066,43.333],[-1.915,43.305],[-1.702,43.196],[-1.491,43.21],[-1.466,43.155],[-1.558,43.045],[-1.515,42.998],[-1.448,42.984],[-1.397,43.032],[-0.907,42.881],[-0.84,42.909],[-0.612,42.731],[-0.587,42.765],[-0.469,42.751],[-0.41,42.786],[-0.216,42.717],[-0.166,42.649],[0.18,42.663],[0.196,42.608],[0.592,42.628],[0.584,42.772],[0.744,42.772],[1.437,42.634],[1.424,42.493],[1.448,42.451],[1.533,42.436],[1.719,42.503],[1.913,42.454],[1.994,42.307],[2.171,42.382],[2.363,42.293],[2.582,42.287],[2.599,42.348],[2.937,42.41],[3.087,42.369],[3.086,42.121],[3.157,42.076],[3.129,41.857],[2.201,41.446],[2.081,41.298],[1.311,41.157],[0.879,41.022],[0.734,40.875],[0.71,40.785],[0.827,40.727],[0.788,40.657],[0.505,40.593],[0.238,40.24],[-0.161,39.886],[-0.395,39.434],[-0.166,38.954],[0.126,38.821],[0.173,38.738],[-0.435,38.43],[-0.564,38.215],[-0.665,38.177],[-0.872,37.76],[-0.803,37.615],[-0.918,37.57],[-1.365,37.548],[-1.626,37.439],[-1.817,37.292],[-1.94,36.952],[-2.239,36.728],[-2.355,36.824],[-2.624,36.811],[-2.761,36.69],[-2.915,36.69],[-2.97,36.741],[-4.447,36.722],[-4.757,36.486],[-5.217,36.41],[-5.374,36.237],[-5.387,36.11],[-5.424,36.072],[-5.457,36.167],[-5.488,36.174],[-5.485,36.065],[-5.661,36.008],[-5.85,36.072],[-6.204,36.282],[-6.305,36.454],[-6.289,36.572],[-6.444,36.623],[-6.5,36.719],[-6.422,36.792],[-6.632,37.022],[-7.228,37.226],[-7.492,37.208],[-7.351,37.644],[-7.243,37.811],[-6.845,38.1],[-7.028,38.24],[-7.394,38.295],[-7.317,38.5],[-6.933,38.961],[-7.431,39.521],[-7.301,39.579],[-7.084,39.599],[-6.878,39.702],[-6.859,39.792],[-6.884,40.214],[-6.825,40.657],[-6.857,40.862],[-6.834,41.061],[-6.241,41.32],[-6.112,41.417],[-6.139,41.526],[-6.518,41.749],[-6.586,41.858],[-6.709,41.96],[-6.86,41.985],[-7.098,41.868],[-7.919,41.889],[-8.157,42.087],[-8.806,41.889],[-8.86,42.015],[-8.799,42.195]]],[[[-13.808,29.049],[-13.518,29.428],[-13.421,29.091],[-13.784,28.879],[-13.881,28.199],[-14.51,28.05],[-14.147,28.391],[-13.808,29.049]]],[[[-15.211,27.901],[-15.574,27.729],[-15.913,27.901],[-15.574,28.178],[-15.405,28.199],[-15.211,27.901]]],[[[-16.082,28.54],[-16.227,28.37],[-16.638,28.05],[-17.34,28.029],[-17.291,28.285],[-16.88,28.327],[-16.082,28.54]]]]}},{"type":"Feature","properties":{"NAME":"United Kingdom","ABBREVN":"UK","SUBJECTO":"United Kingdom","BORDERPRECISION":3,"PARTOF":"United Kingdom"},"geometry":{"type":"MultiPolygon","coordinates":[[[[33.78,35.208],[33.773,35.129],[33.925,34.953],[33.792,34.957],[33.733,34.909],[33.539,34.944],[33.484,34.796],[33.131,34.68],[32.959,34.659],[32.915,34.636],[32.915,34.541],[32.817,34.539],[32.784,34.625],[32.603,34.615],[32.271,34.72],[32.271,34.814],[32.199,34.861],[32.144,35.043],[32.18,35.058],[32.234,35.014],[32.301,35.016],[32.483,35.153],[32.745,35.114],[32.819,35.282],[32.795,35.361],[33.374,35.306],[33.539,35.332],[34.458,35.645],[34.048,35.408],[33.78,35.208]]],[[[-0.204,53.523],[0.081,53.386],[0.175,53.293],[0.268,53.127],[0.251,53.04],[0.006,52.787],[0.327,52.707],[0.505,52.848],[0.742,52.901],[1.013,52.888],[1.376,52.809],[1.586,52.65],[1.692,52.311],[1.657,52.212],[1.512,52.026],[1.031,51.813],[0.686,51.56],[0.254,51.454],[1.03,51.359],[1.189,51.405],[1.365,51.353],[1.335,51.121],[0.886,50.982],[0.888,50.893],[0.673,50.931],[0.192,50.731],[-0.336,50.817],[-0.839,50.722],[-1.103,50.817],[-2.085,50.703],[-2.024,50.57],[-2.432,50.646],[-2.551,50.57],[-2.961,50.722],[-3.111,50.657],[-3.521,50.617],[-3.563,50.361],[-3.715,50.219],[-3.882,50.2],[-4.004,50.314],[-4.243,50.391],[-4.303,50.324],[-4.541,50.358],[-4.967,50.212],[-5.282,49.964],[-5.429,50.068],[-5.778,50.134],[-5.238,50.346],[-5.017,50.561],[-4.815,50.604],[-4.605,50.779],[-4.552,50.997],[-4.443,50.969],[-4.277,51.064],[-4.281,51.187],[-3.825,51.235],[-3.483,51.181],[-3.066,51.178],[-3.033,51.33],[-2.895,51.394],[-2.75,51.644],[-3.173,51.467],[-3.499,51.46],[-4.159,51.677],[-4.999,51.702],[-5.179,51.787],[-5.249,51.86],[-5.061,52.006],[-4.619,52.094],[-4.295,52.2],[-4.124,52.373],[-4.094,52.746],[-4.148,52.832],[-4.468,52.811],[-4.621,52.831],[-4.492,52.991],[-4.318,53.091],[-3.957,53.205],[-2.914,53.267],[-3.057,53.514],[-2.98,53.821],[-2.865,54.028],[-2.886,54.169],[-3.261,54.141],[-3.479,54.275],[-3.569,54.415],[-3.43,54.643],[-3.153,54.838],[-3.577,54.924],[-3.908,54.79],[-4.122,54.762],[-4.461,54.862],[-4.5,54.775],[-4.6,54.688],[-5.111,54.794],[-5.067,54.948],[-4.638,55.428],[-4.771,55.488],[-4.908,55.664],[-4.895,55.772],[-4.623,55.908],[-4.711,56.131],[-4.848,56.097],[-5.135,55.893],[-5.334,55.88],[-5.57,55.751],[-5.633,55.94],[-5.497,56.177],[-5.3,56.429],[-5.271,56.544],[-5.547,56.652],[-5.645,56.516],[-5.822,56.4],[-6.044,56.475],[-5.909,56.733],[-5.625,56.999],[-5.726,57.258],[-5.562,57.299],[-5.461,57.388],[-5.763,57.62],[-5.568,57.777],[-5.23,57.71],[-5.056,57.751],[-5.346,58.093],[-4.907,58.169],[-5.113,58.395],[-4.926,58.567],[-4.51,58.403],[-3.831,58.507],[-3.165,58.522],[-3.028,58.406],[-3.166,58.275],[-3.943,57.958],[-4.15,57.835],[-4.249,57.636],[-4.148,57.555],[-3.796,57.542],[-3.401,57.576],[-2.854,57.543],[-2.15,57.572],[-1.945,57.402],[-2.203,57.065],[-2.159,57.014],[-2.413,56.717],[-2.515,56.667],[-2.667,56.471],[-2.981,56.354],[-3.152,56.337],[-2.721,56.178],[-2.895,56.086],[-3.17,56.062],[-3.294,55.974],[-3.895,55.985],[-3.713,55.885],[-3.356,55.843],[-3.161,55.846],[-2.928,55.946],[-2.742,55.957],[-2.245,55.811],[-1.942,55.556],[-1.719,55.454],[-1.666,55.38],[-1.696,55.273],[-1.556,54.922],[-1.389,54.68],[-1.192,54.595],[-0.871,54.547],[-0.296,54.033],[-0.235,53.799],[-0.319,53.579],[-0.204,53.523]]],[[[-5.698,55.331],[-5.756,55.477],[-5.689,55.628],[-5.518,55.668],[-5.482,55.443],[-5.62,55.33],[-5.698,55.331]]],[[[-6.206,53.957],[-6.286,54.079],[-6.722,54.046],[-6.666,54.162],[-6.83,54.229],[-6.947,54.345],[-7.098,54.393],[-7.212,54.229],[-7.55,54.114],[-7.9,54.2],[-8.08,54.326],[-8.125,54.451],[-7.738,54.576],[-7.956,54.692],[-7.588,54.74],[-7.415,54.958],[-7.428,55.064],[-6.997,55.172],[-6.645,55.206],[-6.279,55.14],[-6.117,55.16],[-6.018,55.093],[-5.785,54.737],[-5.764,54.657],[-5.8,54.523],[-5.662,54.322],[-5.731,54.175],[-5.912,54.027],[-6.206,53.957]]]]}},{"type":"Feature","properties":{"NAME":"Estonia","ABBREVN":"Estonia","SUBJECTO":"Estonia","BORDERPRECISION":3,"PARTOF":"Estonia"},"geometry":{"type":"MultiPolygon","coordinates":[[[[28.013,59.458],[28.15,59.375],[28.131,59.297],[27.875,59.257],[27.771,59.074],[27.672,58.982],[27.437,58.864],[27.397,58.792],[27.515,58.367],[27.437,58.308],[27.437,58.229],[27.515,58.124],[27.646,58.052],[27.672,57.915],[27.777,57.869],[27.509,57.79],[27.443,57.692],[27.384,57.692],[27.365,57.6],[27.312,57.574],[27.349,57.526],[27.292,57.515],[26.873,57.62],[26.814,57.574],[26.723,57.587],[26.526,57.522],[26.461,57.561],[26.33,57.574],[26.238,57.626],[26.186,57.705],[26.028,57.777],[25.996,57.829],[25.57,57.908],[25.275,58.059],[25.223,57.987],[25.157,58.046],[25.072,58.059],[24.902,57.993],[24.561,57.947],[24.346,57.862],[24.416,57.948],[24.414,58.106],[24.497,58.213],[24.331,58.308],[24.058,58.112],[23.908,58.224],[23.671,58.241],[23.69,58.665],[23.512,58.581],[23.361,58.767],[23.432,58.858],[23.338,58.972],[23.457,59.005],[23.416,59.119],[24.032,59.176],[24.03,59.235],[24.282,59.284],[24.342,59.369],[24.538,59.323],[24.571,59.374],[24.714,59.352],[24.751,59.448],[25.248,59.362],[25.449,59.494],[25.49,59.42],[25.721,59.46],[26.343,59.447],[26.862,59.372],[26.999,59.318],[27.265,59.338],[27.702,59.298],[27.894,59.346],[28.013,59.458]]]]}},{"type":"Feature","properties":{"NAME":"Latvia","ABBREVN":"Latvia","SUBJECTO":"Latvia","BORDERPRECISION":3,"PARTOF":"Latvia"},"geometry":{"type":"MultiPolygon","coordinates":[[[[27.349,57.526],[27.515,57.528],[27.509,57.423],[27.836,57.292],[27.81,57.161],[27.679,57.109],[27.738,57.07],[27.705,57.011],[27.718,56.958],[27.62,56.84],[27.777,56.873],[27.908,56.814],[27.862,56.742],[27.974,56.67],[27.987,56.598],[28.124,56.533],[28.098,56.493],[28.157,56.441],[28.15,56.356],[28.19,56.251],[28.136,56.14],[27.92,56.097],[27.866,56.043],[27.765,56.028],[27.642,55.92],[27.58,55.781],[26.971,55.812],[26.748,55.681],[26.424,55.681],[26.301,55.712],[26.17,55.858],[25.8,56.02],[25.646,56.128],[25.214,56.159],[25.068,56.213],[24.936,56.298],[24.898,56.413],[24.813,56.406],[24.574,56.298],[24.289,56.29],[24.166,56.251],[23.919,56.336],[23.649,56.344],[23.518,56.313],[23.225,56.367],[23.032,56.321],[22.932,56.406],[22.662,56.375],[22.323,56.382],[22.123,56.421],[21.321,56.228],[21.206,56.167],[21.182,56.082],[20.945,56.07],[20.916,56.097],[20.965,56.609],[21.022,56.684],[21.324,56.854],[21.34,57.177],[21.46,57.25],[21.677,57.464],[22.285,57.565],[22.433,57.616],[22.564,57.616],[22.585,57.509],[22.881,57.334],[23.071,57.261],[23.215,56.981],[23.414,56.892],[23.768,56.866],[24.158,56.975],[24.266,57.03],[24.346,57.16],[24.236,57.728],[24.346,57.862],[24.561,57.947],[24.902,57.993],[25.072,58.059],[25.157,58.046],[25.223,57.987],[25.275,58.059],[25.57,57.908],[25.996,57.829],[26.028,57.777],[26.186,57.705],[26.238,57.626],[26.526,57.522],[26.723,57.587],[26.814,57.574],[26.873,57.62],[27.116,57.541],[27.349,57.526]]]]}},{"type":"Feature","properties":{"NAME":"Lithuania","ABBREVN":"Lithuania","SUBJECTO":"Lithuania","BORDERPRECISION":3,"PARTOF":"Lithuania"},"geometry":{"type":"MultiPolygon","coordinates":[[[[25.846,54.949],[24.945,54.965],[24.822,54.121],[24.767,54.101],[24.805,54.024],[24.775,53.97],[24.636,53.97],[24.374,53.877],[24.243,53.877],[24.158,53.947],[23.572,53.9],[23.531,53.916],[23.311,54.309],[23.005,54.418],[22.699,54.415],[22.662,54.571],[22.724,54.733],[22.824,54.787],[22.794,54.902],[22.632,54.949],[22.547,55.057],[22.03,55.026],[21.992,55.072],[21.761,55.103],[21.545,55.188],[21.437,55.188],[21.375,55.28],[21.162,55.221],[21.143,55.256],[21.201,55.261],[21.216,55.344],[21.018,55.634],[20.996,56.024],[20.945,56.07],[21.182,56.082],[21.206,56.167],[21.321,56.228],[22.123,56.421],[22.323,56.382],[22.662,56.375],[22.932,56.406],[23.032,56.321],[23.225,56.367],[23.518,56.313],[23.649,56.344],[23.919,56.336],[24.166,56.251],[24.289,56.29],[24.574,56.298],[24.813,56.406],[24.898,56.413],[24.936,56.298],[25.068,56.213],[25.214,56.159],[25.646,56.128],[25.8,56.02],[26.17,55.858],[26.301,55.712],[26.594,55.666],[26.532,55.465],[26.44,55.342],[26.756,55.28],[26.663,55.257],[26.609,55.118],[26.532,55.111],[26.478,55.149],[26.247,55.126],[26.162,54.987],[25.846,54.949]]]]}},{"type":"Feature","properties":{"NAME":"Ireland","ABBREVN":"Ireland","SUBJECTO":"Ireland","BORDERPRECISION":3,"PARTOF":"Ireland"},"geometry":{"type":"MultiPolygon","coordinates":[[[[-6.206,53.957],[-6.443,53.899],[-6.335,53.786],[-6.172,53.439],[-6.043,52.893],[-6.071,52.767],[-6.232,52.613],[-6.341,52.427],[-6.406,52.214],[-6.894,52.207],[-6.962,52.111],[-7.372,52.092],[-7.751,52.033],[-8.565,51.615],[-8.848,51.6],[-9.243,51.473],[-9.819,51.435],[-9.795,51.605],[-9.835,51.803],[-10.217,51.758],[-10.294,51.978],[-9.964,52.092],[-10.497,52.102],[-10.469,52.207],[-9.891,52.194],[-9.802,52.241],[-9.736,52.48],[-9.504,52.541],[-9.193,52.554],[-9.134,52.681],[-9.616,52.637],[-9.442,52.833],[-9.526,52.905],[-9.309,53.115],[-8.997,53.12],[-8.924,53.161],[-9.002,53.3],[-9.158,53.221],[-9.297,53.28],[-9.441,53.266],[-9.617,53.346],[-9.803,53.345],[-9.885,53.297],[-10.16,53.374],[-10.021,53.512],[-10.151,53.576],[-9.81,53.632],[-9.872,53.768],[-9.696,53.873],[-9.913,53.97],[-10.179,53.912],[-10.16,54.133],[-9.892,54.326],[-9.474,54.241],[-9.323,54.275],[-8.59,54.203],[-8.687,54.364],[-8.301,54.489],[-8.211,54.634],[-8.829,54.634],[-8.76,54.701],[-8.504,54.75],[-8.476,54.88],[-8.345,55.095],[-8.118,55.177],[-7.756,55.253],[-7.657,55.117],[-7.498,55.05],[-7.428,55.064],[-7.415,54.958],[-7.588,54.74],[-7.956,54.692],[-7.738,54.576],[-8.125,54.451],[-8.08,54.326],[-7.9,54.2],[-7.55,54.114],[-7.212,54.229],[-7.098,54.393],[-6.947,54.345],[-6.83,54.229],[-6.666,54.162],[-6.722,54.046],[-6.286,54.079],[-6.206,53.957]]]]}},{"type":"Feature","properties":{"NAME":"Belgium","ABBREVN":"Belgium","SUBJECTO":"Belgium","BORDERPRECISION":3,"PARTOF":"Belgium"},"geometry":{"type":"MultiPolygon","coordinates":[[[[2.522,51.091],[2.995,51.313],[3.214,51.354],[3.472,51.314],[3.681,51.321],[3.775,51.388],[4.173,51.325],[4.407,51.34],[4.395,51.411],[4.671,51.405],[4.791,51.487],[4.932,51.378],[5.01,51.433],[5.113,51.405],[5.244,51.237],[5.484,51.286],[5.824,51.117],[5.774,50.926],[5.697,50.883],[5.697,50.731],[6,50.742],[6.155,50.662],[6.281,50.498],[6.298,50.287],[6.109,50.117],[6.007,50.15],[5.834,50.047],[5.738,49.902],[5.745,49.755],[5.884,49.664],[5.824,49.507],[5.788,49.559],[5.475,49.48],[5.418,49.583],[5.098,49.761],[4.86,49.782],[4.877,49.885],[4.812,49.966],[4.865,50.134],[4.755,50.101],[4.668,49.96],[4.285,49.911],[4.156,49.966],[4.188,50.055],[4.148,50.134],[4.22,50.242],[4.051,50.318],[3.675,50.334],[3.603,50.47],[3.37,50.465],[3.283,50.524],[3.192,50.731],[3.123,50.807],[2.875,50.682],[2.755,50.739],[2.616,50.89],[2.522,51.091]]]]}},{"type":"Feature","properties":{"NAME":"France","ABBREVN":"France","SUBJECTO":"France","BORDERPRECISION":3,"PARTOF":"France"},"geometry":{"type":"MultiPolygon","coordinates":[[[[7.037,45.93],[6.955,45.939],[6.675,45.803],[6.914,45.648],[6.926,45.517],[7.119,45.43],[7.029,45.308],[6.786,45.149],[6.704,45.199],[6.507,45.116],[6.665,44.955],[6.943,44.869],[7.003,44.72],[6.925,44.715],[6.783,44.548],[6.87,44.349],[7.209,44.173],[7.591,44.205],[7.619,44.078],[7.553,43.867],[6.523,43.151],[5.829,43.021],[5.647,43.033],[5.434,43.104],[5.052,43.328],[4.91,43.366],[4.647,43.321],[4.417,43.346],[4.078,43.487],[3.807,43.467],[3.479,43.312],[3.318,43.196],[3.068,42.945],[3.002,42.771],[3.087,42.369],[2.937,42.41],[2.599,42.348],[2.582,42.287],[2.363,42.293],[2.171,42.382],[1.994,42.307],[1.913,42.454],[1.721,42.506],[1.775,42.571],[1.739,42.616],[1.563,42.656],[1.492,42.654],[1.454,42.613],[0.744,42.772],[0.584,42.772],[0.592,42.628],[0.196,42.608],[0.18,42.663],[-0.166,42.649],[-0.216,42.717],[-0.41,42.786],[-0.469,42.751],[-0.587,42.765],[-0.612,42.731],[-0.84,42.909],[-0.907,42.881],[-1.397,43.032],[-1.448,42.984],[-1.515,42.998],[-1.558,43.045],[-1.466,43.155],[-1.491,43.21],[-1.702,43.196],[-1.915,43.305],[-1.746,43.36],[-1.561,43.524],[-1.314,44.559],[-1.136,44.6],[-1.23,44.73],[-1.332,44.614],[-1.276,45.129],[-1.175,45.501],[-1.123,45.432],[-0.9,45.294],[-0.728,45.019],[-0.855,45.321],[-1.247,45.688],[-1.237,45.8],[-1.075,46.015],[-1.166,46.184],[-1.256,46.307],[-1.403,46.404],[-1.711,46.449],[-1.942,46.706],[-2.13,46.851],[-2.005,47.043],[-2.109,47.124],[-2.494,47.247],[-2.576,47.325],[-2.466,47.494],[-2.614,47.572],[-2.842,47.492],[-3.063,47.604],[-3.434,47.717],[-3.712,47.798],[-3.858,47.792],[-3.955,47.904],[-4.364,47.829],[-4.391,47.942],[-4.51,47.998],[-4.675,48.017],[-4.7,48.064],[-4.313,48.101],[-4.351,48.205],[-4.588,48.251],[-4.389,48.298],[-4.35,48.391],[-4.592,48.392],[-4.78,48.355],[-4.762,48.552],[-4.626,48.547],[-4.488,48.612],[-3.999,48.731],[-3.902,48.646],[-3.821,48.721],[-3.608,48.693],[-3.558,48.81],[-3.091,48.872],[-2.791,48.59],[-2.636,48.552],[-2.343,48.674],[-2.2,48.599],[-1.871,48.712],[-1.858,48.608],[-1.591,48.638],[-1.457,48.684],[-1.576,48.768],[-1.58,49.229],[-1.639,49.22],[-1.892,49.526],[-1.941,49.709],[-1.524,49.653],[-1.251,49.7],[-1.289,49.521],[-1.177,49.333],[-1.023,49.398],[-0.465,49.351],[-0.239,49.285],[0.033,49.334],[0.331,49.455],[0.09,49.511],[0.115,49.602],[0.189,49.681],[0.529,49.826],[1.275,50.004],[1.552,50.229],[1.528,50.578],[1.589,50.822],[2.03,51.007],[2.443,51.048],[2.522,51.091],[2.616,50.89],[2.755,50.739],[2.875,50.682],[3.123,50.807],[3.192,50.731],[3.283,50.524],[3.37,50.465],[3.603,50.47],[3.675,50.334],[4.051,50.318],[4.22,50.242],[4.148,50.134],[4.188,50.055],[4.156,49.966],[4.285,49.911],[4.668,49.96],[4.755,50.101],[4.865,50.134],[4.812,49.966],[4.877,49.885],[4.86,49.782],[5.098,49.761],[5.418,49.583],[5.475,49.48],[5.788,49.559],[5.824,49.507],[6.368,49.473],[6.777,49.177],[6.954,49.202],[6.975,49.137],[7.423,49.183],[7.465,49.099],[7.67,49.059],[7.886,49.065],[8.158,48.978],[7.729,48.616],[7.681,48.359],[7.536,48.191],[7.502,48.058],[7.543,48.024],[7.446,47.709],[7.507,47.604],[7.585,47.578],[7.506,47.542],[7.532,47.529],[7.49,47.482],[7.437,47.498],[7.446,47.474],[7.388,47.433],[7.2,47.436],[7.175,47.443],[7.195,47.486],[7.131,47.504],[6.985,47.494],[6.983,47.449],[6.886,47.37],[7.031,47.369],[7.063,47.343],[6.953,47.292],[6.958,47.243],[6.705,47.082],[6.698,47.039],[6.644,47.003],[6.502,46.975],[6.436,46.929],[6.469,46.891],[6.445,46.768],[6.123,46.585],[6.163,46.546],[6.077,46.465],[6.069,46.417],[6.175,46.368],[6.109,46.285],[6.116,46.242],[5.97,46.198],[6.001,46.184],[5.963,46.133],[6.132,46.141],[6.316,46.248],[6.257,46.263],[6.252,46.302],[6.161,46.206],[6.304,46.366],[6.389,46.34],[6.515,46.405],[6.809,46.394],[6.778,46.347],[6.859,46.261],[6.794,46.154],[6.898,46.127],[6.876,46.054],[6.939,46.067],[7.037,45.93]],[[7.128,47.504],[7.122,47.501],[7.112,47.495],[7.128,47.504]]],[[[6.16,46.252],[6.157,46.243],[6.158,46.249],[6.16,46.252]]],[[[6.232,46.368],[6.235,46.371],[6.216,46.349],[6.232,46.368]]],[[[6.265,46.394],[6.275,46.392],[6.262,46.392],[6.265,46.394]]],[[[6.359,46.462],[6.426,46.467],[6.399,46.459],[6.359,46.462]]],[[[6.52,46.517],[6.535,46.511],[6.517,46.515],[6.52,46.517]]],[[[6.563,46.508],[6.559,46.507],[6.553,46.508],[6.563,46.508]]],[[[6.592,46.518],[6.601,46.516],[6.586,46.516],[6.592,46.518]]],[[[6.682,46.504],[6.727,46.486],[6.661,46.505],[6.682,46.504]]],[[[6.747,46.487],[6.836,46.469],[6.776,46.473],[6.747,46.487]]],[[[6.858,46.453],[6.864,46.448],[6.84,46.461],[6.858,46.453]]],[[[6.882,46.446],[6.882,46.444],[6.866,46.448],[6.882,46.446]]],[[[6.913,46.43],[6.925,46.396],[6.901,46.44],[6.913,46.43]]],[[[6.87,46.394],[6.858,46.388],[6.888,46.395],[6.87,46.394]]],[[[8.627,41.732],[8.742,41.882],[8.693,41.913],[8.562,41.882],[8.538,41.948],[8.668,42.029],[8.626,42.097],[8.511,42.134],[8.517,42.208],[8.628,42.262],[8.5,42.36],[8.609,42.487],[8.879,42.625],[9,42.635],[9.018,42.691],[9.149,42.711],[9.238,42.664],[9.28,42.728],[9.271,42.883],[9.303,42.983],[9.367,42.988],[9.432,42.794],[9.405,42.581],[9.459,42.556],[9.487,42.406],[9.453,42.048],[9.357,41.901],[9.305,41.575],[9.173,41.35],[9.039,41.369],[9.013,41.458],[8.829,41.492],[8.727,41.561],[8.855,41.654],[8.823,41.688],[8.627,41.732]]]]}},{"type":"Feature","properties":{"NAME":"Albania","ABBREVN":"Albania","SUBJECTO":"Albania","BORDERPRECISION":3,"PARTOF":"Albania"},"geometry":{"type":"MultiPolygon","coordinates":[[[[20.029,39.814],[19.804,40.017],[19.369,40.26],[19.38,40.324],[19.484,40.296],[19.494,40.403],[19.339,40.589],[19.527,40.866],[19.445,40.965],[19.53,41.218],[19.417,41.345],[19.499,41.524],[19.619,41.559],[19.607,41.762],[19.368,41.846],[19.369,42],[19.309,42.193],[19.435,42.425],[19.558,42.547],[20.073,42.486],[20.575,41.93],[20.599,41.782],[20.54,41.59],[20.573,41.301],[20.707,41.001],[21.032,40.727],[20.991,40.714],[20.789,40.335],[20.385,39.949],[20.122,39.551],[20.029,39.814]]]]}},{"type":"Feature","properties":{"NAME":"Portugal","ABBREVN":"Portugal","SUBJECTO":"Portugal","BORDERPRECISION":3,"PARTOF":"Portugal"},"geometry":{"type":"MultiPolygon","coordinates":[[[[-7.492,37.208],[-7.836,37.032],[-8.034,37.009],[-8.28,37.089],[-8.541,37.089],[-8.667,37.121],[-8.991,36.99],[-9.017,37.07],[-8.842,37.525],[-8.851,37.91],[-8.933,37.962],[-8.823,38.206],[-8.847,38.385],[-8.789,38.436],[-8.854,38.5],[-9.237,38.417],[-9.285,38.619],[-9.069,38.643],[-8.942,38.742],[-8.961,38.818],[-9.041,38.92],[-9.176,38.732],[-9.362,38.671],[-9.522,38.69],[-9.549,38.775],[-9.46,38.953],[-9.398,39.23],[-9.415,39.367],[-9.299,39.418],[-9.118,39.644],[-8.916,40.138],[-8.97,40.19],[-8.694,40.992],[-8.852,41.408],[-8.855,41.597],[-8.921,41.767],[-8.806,41.889],[-8.157,42.087],[-7.919,41.889],[-7.098,41.868],[-6.86,41.985],[-6.709,41.96],[-6.586,41.858],[-6.518,41.749],[-6.139,41.526],[-6.112,41.417],[-6.241,41.32],[-6.834,41.061],[-6.857,40.862],[-6.825,40.657],[-6.884,40.214],[-6.859,39.792],[-6.878,39.702],[-7.084,39.599],[-7.301,39.579],[-7.431,39.521],[-6.933,38.961],[-7.317,38.5],[-7.394,38.295],[-7.028,38.24],[-6.845,38.1],[-7.243,37.811],[-7.351,37.644],[-7.492,37.208]]]]}},{"type":"Feature","properties":{"NAME":"Turkey","ABBREVN":"Turkey","SUBJECTO":"Turkey","BORDERPRECISION":3,"PARTOF":"Turkey"},"geometry":{"type":"MultiPolygon","coordinates":[[[[35.891,36.771],[35.672,36.606],[35.506,36.559],[35.548,36.54],[35.495,36.443],[35.389,36.454],[35.354,36.414],[35.221,36.388],[35.071,36.488],[34.662,36.648],[34.485,36.627],[33.952,36.252],[33.954,36.16],[33.836,36.107],[33.834,36.071],[33.753,36.147],[33.171,35.971],[32.64,36.008],[32.335,36.128],[31.902,36.497],[31.371,36.712],[30.905,36.794],[30.594,36.762],[30.54,36.647],[30.473,36.188],[30.395,36.118],[30.28,36.118],[30.166,36.188],[29.662,36.078],[29.472,36.091],[29.298,36.173],[29.002,36.695],[28.814,36.535],[28.47,36.738],[28.267,36.712],[28.014,36.527],[27.912,36.699],[27.942,36.756],[28.051,36.833],[27.999,36.909],[27.308,36.921],[27.269,37.042],[27.526,37.131],[27.493,37.24],[27.365,37.329],[27.184,37.356],[28.389,38.008],[28.363,38.924],[27.392,39.655],[26.945,39.519],[26.926,39.477],[26.958,39.548],[26.804,39.567],[26.139,39.44],[26.064,39.456],[26.085,39.604],[26.142,39.661],[26.128,39.879],[26.186,39.997],[26.32,39.992],[26.403,40.176],[26.482,40.187],[26.765,40.377],[26.996,40.372],[27.056,40.43],[27.272,40.451],[27.329,40.356],[27.45,40.31],[27.764,40.287],[27.83,40.345],[27.8,40.403],[27.679,40.461],[27.808,40.504],[27.954,40.488],[28.006,40.451],[27.908,40.351],[28.478,40.395],[29.052,40.335],[29.122,40.414],[29.084,40.456],[28.873,40.472],[28.778,40.525],[28.902,40.62],[29.713,40.694],[29.883,40.746],[29.32,40.741],[29.29,40.807],[29.015,40.979],[29.161,41.216],[29.578,41.153],[30.138,41.132],[30.256,41.185],[30.745,41.04],[31.218,41.054],[31.404,41.164],[31.386,41.285],[32.419,41.749],[32.688,41.846],[33.155,41.95],[33.556,41.983],[34.663,41.876],[35.002,42.043],[35.099,41.806],[35.286,41.671],[35.411,41.627],[35.678,41.621],[35.958,41.686],[36.161,41.353],[36.383,41.238],[36.641,41.315],[36.817,41.29],[37.253,41.028],[37.822,41.01],[38.314,40.921],[38.651,40.922],[38.879,40.979],[39.348,39.074],[36.934,38.725],[35.962,36.743],[36.082,36.622],[35.957,36.747],[35.891,36.771]]],[[[28.07,41.625],[28.371,41.433],[29.012,41.255],[29.081,41.201],[28.964,40.989],[28.828,40.915],[28.173,41.058],[28.026,41.026],[27.932,40.958],[27.474,40.963],[27.313,40.79],[27.264,40.667],[26.614,40.398],[26.514,40.282],[26.376,40.213],[26.255,40.082],[26.141,40.045],[26.214,40.161],[26.195,40.303],[26.556,40.498],[26.455,40.584],[26.124,40.603],[26.021,40.669],[26.342,41.166],[26.646,41.45],[26.59,41.552],[26.35,41.641],[26.574,41.841],[26.857,42.009],[27.081,42.03],[27.318,41.98],[27.918,41.978],[28.026,41.882],[28.018,41.753],[28.07,41.625]]]]}},{"type":"Feature","properties":{"NAME":"Iran","ABBREVN":"Iran","SUBJECTO":"Iran","BORDERPRECISION":3,"PARTOF":"Iran"},"geometry":{"type":"MultiPolygon","coordinates":[[[[44.471,37.455],[44.427,37.644],[44.492,37.754],[44.301,37.804],[44.205,37.867],[45.063,37.914],[45.205,38.169],[45.021,38.211],[45.409,39.028],[45.559,38.933],[45.749,38.877],[46.167,38.882],[46.281,38.822],[46.454,38.836],[46.716,39.098],[47.004,39.182],[47.172,39.383],[47.854,39.71],[48.149,39.508],[48.368,39.414],[48.395,39.363],[48.353,39.293],[48.07,39.235],[48.082,39.151],[48.275,39.072],[48.233,38.972],[47.993,38.85],[48.052,38.687],[48.22,38.64],[48.38,38.445],[48.501,38.452],[48.825,38.31],[48.809,37.989],[48.745,37.727],[48.837,37.511],[49.06,37.398],[49.476,37.292],[49.848,37.268],[50.039,37.225],[50.252,36.895],[50.561,36.686],[51.417,36.456],[51.796,36.432],[53.139,36.644],[53.8,36.679],[53.984,36.782],[54.067,36.942],[54.009,37.349],[54.214,37.337],[54.467,37.396],[54.676,37.531],[54.956,37.825],[55.17,37.973],[55.356,38.038],[56.131,38.048],[56.363,38.202],[56.517,38.261],[57.225,38.188],[57.407,37.992],[58.095,37.728],[58.675,37.674],[58.972,37.599],[59.24,37.448],[60.346,36.607],[61.014,36.637],[61.097,36.542],[61.119,35.905],[61.186,35.594],[61.221,35.582],[61.156,35.473],[61.008,34.957],[60.787,34.385],[60.687,34.251],[60.419,34.078],[60.466,33.716],[60.509,33.672],[60.841,33.566],[60.853,33.484],[60.555,33.063],[60.54,32.993],[60.654,32.505],[60.794,31.579],[60.88,31.484],[61.513,31.342],[61.694,31.267],[61.758,31.102],[61.779,30.905],[61.588,30.656],[61.204,30.299],[60.82,29.833],[61.659,28.657],[61.972,28.481],[62.487,28.306],[62.671,28.205],[62.747,28.034],[62.797,27.431],[62.88,27.254],[63.173,27.23],[63.257,27.104],[63.241,26.666],[63.156,26.551],[63.062,26.518],[62.612,26.484],[62.298,26.368],[61.941,26.156],[61.813,25.984],[61.673,25.628],[61.57,25.04],[61.344,25.027],[60.858,25.096],[60.752,25.184],[60.48,25.298],[60.298,25.323],[59.302,25.34],[59.031,25.308],[58.744,25.536],[57.9,25.541],[57.805,25.648],[57.465,25.705],[57.328,25.787],[57.255,25.793],[57.245,26.018],[57.112,26.076],[57.066,26.307],[56.935,26.465],[56.929,26.752],[56.79,26.974],[56.684,26.968],[56.668,27.05],[56.431,27.107],[55.9,27.105],[55.805,27.005],[55.425,26.963],[55.34,26.799],[55.098,26.737],[54.926,26.538],[54.76,26.411],[54.646,26.391],[54.065,26.701],[53.634,26.748],[53.381,26.91],[52.891,27.052],[52.41,27.581],[51.962,27.777],[51.611,27.827],[51.35,28.036],[50.797,29.013],[50.702,29.134],[50.705,29.401],[50.36,29.743],[50.132,30.066],[49.718,30.002],[49.511,30.021],[49.452,30.078],[49.321,30.103],[49.235,30.223],[49.222,30.477],[49.02,30.433],[48.946,30.388],[48.801,30.083],[48.714,30],[48.554,29.995],[48.547,30.049],[48.081,30.395],[48.107,30.669],[48.033,30.878],[47.689,30.882],[47.698,31.289],[47.787,31.569],[47.793,31.797],[47.742,31.905],[47.264,32.302],[47.068,32.396],[46.508,32.812],[46.268,32.824],[46.124,32.772],[46.09,32.842],[46.105,33.21],[45.646,33.639],[45.506,33.797],[45.505,33.88],[45.565,34.274],[45.671,34.617],[46.184,35.058],[45.995,35.401],[46.001,35.515],[46.211,35.784],[45.73,35.832],[45.388,35.926],[44.795,37.132],[44.784,37.27],[44.66,37.286],[44.471,37.455]]]]}},{"type":"Feature","properties":{"NAME":"Tunisia","ABBREVN":"Tunisia","SUBJECTO":"Tunisia","BORDERPRECISION":3,"PARTOF":"Tunisia"},"geometry":{"type":"MultiPolygon","coordinates":[[[[11.471,33.144],[11.429,32.703],[11.458,32.449],[11.416,32.328],[10.795,31.994],[10.132,31.482],[10.075,31.322],[10.199,30.885],[10.133,30.643],[10.063,30.541],[9.575,30.207],[9.321,30.899],[9.006,31.907],[8.861,32.116],[8.698,32.23],[8.503,32.311],[8.184,32.894],[8.021,33.02],[7.817,33.064],[7.531,33.812],[7.581,34.041],[8.218,34.585],[8.291,34.77],[8.313,35.011],[8.272,36.323],[8.324,36.521],[8.631,36.803],[8.637,36.885],[8.866,36.968],[9.15,37.173],[9.416,37.275],[9.732,37.282],[10.021,37.2],[10.133,37.105],[10.272,36.755],[10.393,36.717],[10.581,36.793],[10.843,36.991],[11.024,37.068],[11.039,36.909],[10.92,36.654],[10.633,36.424],[10.509,36.214],[10.511,36.086],[10.603,35.889],[10.831,35.679],[10.989,35.622],[11.125,35.241],[10.839,34.801],[10.574,34.648],[10.116,34.234],[10.019,34.081],[10.149,33.878],[10.413,33.631],[10.65,33.498],[10.778,33.473],[10.957,33.575],[11.099,33.537],[11.209,33.252],[11.471,33.144]]]]}},{"type":"Feature","properties":{"NAME":"Algeria (France)","ABBREVN":"Algeria","SUBJECTO":"France","BORDERPRECISION":3,"PARTOF":"Algeria (France)"},"geometry":{"type":"MultiPolygon","coordinates":[[[[-8.629,27.173],[-8.641,27.567],[-8.593,28.641],[-8.284,28.783],[-7.604,29.232],[-7.17,29.476],[-6.601,29.441],[-6.423,29.468],[-6.341,29.78],[-5.953,29.794],[-5.603,29.873],[-5.366,29.976],[-5.13,30.136],[-4.912,30.43],[-4.413,30.579],[-3.729,30.894],[-3.671,30.996],[-3.805,31.275],[-3.816,31.453],[-3.78,31.555],[-3.661,31.607],[-3.128,31.66],[-2.956,31.744],[-2.817,31.993],[-1.234,31.989],[-1.081,32.454],[-1.113,32.549],[-1.341,32.694],[-1.61,33.048],[-1.681,33.258],[-1.664,34.205],[-1.738,34.605],[-1.823,34.7],[-2.077,34.826],[-2.193,35.054],[-2.035,35.055],[-1.738,35.119],[-1.495,35.234],[-1.329,35.489],[-1.147,35.629],[-0.917,35.668],[-0.429,35.86],[-0.283,35.758],[-0.092,35.74],[0.015,35.804],[0.199,36.033],[0.474,36.225],[0.781,36.385],[1.058,36.462],[2.524,36.573],[2.81,36.714],[3.07,36.619],[3.324,36.651],[3.587,36.792],[3.741,36.837],[4.395,36.838],[5.144,36.668],[5.383,36.675],[6.047,36.842],[6.323,37.091],[6.771,36.862],[6.923,36.818],[7.063,36.882],[7.307,37.061],[7.545,37.042],[7.719,36.953],[7.792,36.832],[7.913,36.775],[8.637,36.885],[8.631,36.803],[8.324,36.521],[8.272,36.323],[8.313,35.011],[8.291,34.77],[8.218,34.585],[7.581,34.041],[7.531,33.812],[7.817,33.064],[8.021,33.02],[8.184,32.894],[8.503,32.311],[8.698,32.23],[8.861,32.116],[9.006,31.907],[9.321,30.899],[9.575,30.207],[9.483,30.137],[9.375,29.965],[9.77,29.242],[9.837,28.868],[9.86,28.557],[9.815,28.169],[9.861,27.832],[9.717,27.329],[9.923,26.809],[9.896,26.51],[9.857,26.434],[9.445,26.165],[9.377,26.037],[9.949,25.271],[10.061,24.859],[10.315,24.466],[10.424,24.397],[10.669,24.487],[11.448,24.257],[11.528,24.181],[11.915,23.503],[11.959,23.472],[9.3,22.001],[7.538,20.916],[5.775,19.444],[3.225,18.953],[3.159,19.206],[3.231,19.512],[3.187,19.747],[3.062,19.905],[2.923,19.955],[2.587,19.966],[2.418,20.041],[2.154,20.294],[1.942,20.153],[1.839,20.165],[1.339,20.632],[1.163,20.758],[1.126,20.841],[1.169,21.019],[1.087,21.133],[-0.785,22.279],[-3.494,24.113],[-5.502,25.404],[-7.356,26.493],[-8.629,27.173]]]]}},{"type":"Feature","properties":{"NAME":"Morocco (France)","ABBREVN":"Morocco","SUBJECTO":"France","BORDERPRECISION":3,"PARTOF":"Morocco (France)"},"geometry":{"type":"MultiPolygon","coordinates":[[[[-2.193,35.054],[-2.077,34.826],[-1.823,34.7],[-1.738,34.605],[-1.664,34.205],[-1.681,33.258],[-1.61,33.048],[-1.341,32.694],[-1.113,32.549],[-1.081,32.454],[-1.234,31.989],[-2.817,31.993],[-2.956,31.744],[-3.128,31.66],[-3.661,31.607],[-3.78,31.555],[-3.816,31.453],[-3.805,31.275],[-3.671,30.996],[-3.729,30.894],[-4.413,30.579],[-4.912,30.43],[-5.13,30.136],[-5.366,29.976],[-5.603,29.873],[-5.953,29.794],[-6.341,29.78],[-6.423,29.468],[-6.601,29.441],[-7.17,29.476],[-7.604,29.232],[-8.284,28.783],[-8.593,28.641],[-8.641,27.567],[-13.124,27.546],[-13.06,27.673],[-12.866,27.857],[-12.091,28.024],[-11.576,28.229],[-10.339,29.146],[-9.87,29.643],[-9.663,29.955],[-9.603,30.184],[-9.625,30.406],[-9.817,30.755],[-9.858,31.06],[-9.813,31.289],[-9.635,31.575],[-9.318,31.964],[-9.222,32.256],[-9.251,32.421],[-9.219,32.58],[-8.64,33.122],[-8.314,33.338],[-7.333,33.696],[-7.004,33.875],[-6.753,34.123],[-6.511,34.454],[-6.302,34.861],[-5.929,35.728],[-5.565,35.862],[-5.479,35.805],[-5.172,35.424],[-4.593,35.151],[-4.028,35.133],[-3.441,35.166],[-3.009,35.39],[-2.83,35.142],[-2.715,35.098],[-2.193,35.054]]]]}},{"type":"Feature","properties":{"NAME":"Netherlands","ABBREVN":"Netherlands","SUBJECTO":"Netherlands","BORDERPRECISION":3,"PARTOF":"Netherlands"},"geometry":{"type":"MultiPolygon","coordinates":[[[[7.16,53.164],[7.228,52.967],[7.073,52.804],[7.035,52.624],[6.778,52.64],[6.714,52.476],[6.912,52.416],[6.997,52.443],[7.069,52.366],[7.068,52.219],[6.882,52.126],[6.825,51.956],[6.68,51.888],[6.381,51.82],[6.211,51.88],[5.979,51.804],[5.948,51.722],[6.117,51.64],[6.222,51.389],[6.089,51.198],[6.176,51.144],[5.928,50.981],[6.01,50.964],[6.074,50.867],[6,50.742],[5.697,50.731],[5.697,50.883],[5.774,50.926],[5.824,51.117],[5.484,51.286],[5.244,51.237],[5.113,51.405],[5.01,51.433],[4.932,51.378],[4.791,51.487],[4.671,51.405],[4.395,51.411],[4.407,51.34],[3.99,51.344],[3.775,51.388],[3.743,51.46],[3.52,51.579],[4.264,52.071],[4.387,52.23],[4.641,52.756],[4.719,52.802],[5.008,52.856],[5.173,52.743],[5.235,52.623],[5.108,52.532],[5.006,52.557],[5.036,52.334],[4.95,52.278],[5.473,52.177],[5.574,52.283],[5.757,52.334],[5.817,52.521],[5.611,52.532],[5.556,52.587],[5.547,52.679],[5.653,52.75],[5.326,52.79],[5.343,52.996],[5.39,53.139],[5.966,53.335],[6.261,53.322],[6.751,53.39],[6.861,53.266],[7.009,53.245],[7.043,53.164],[7.16,53.164]]]]}},{"type":"Feature","properties":{"NAME":"Norway","ABBREVN":"Norway","SUBJECTO":"Norway","BORDERPRECISION":3,"PARTOF":"Norway"},"geometry":{"type":"MultiPolygon","coordinates":[[[[21.971,79.783],[20.344,79.796],[19.218,79.74],[18.331,79.882],[18.696,80.087],[19.068,80.165],[19.915,80.633],[20.524,80.322],[20.974,80.275],[21.476,80.315],[21.881,80.277],[22.198,80.123],[22.587,80.269],[22.826,80.473],[23.216,80.611],[23.077,80.241],[23.115,80.096],[23.498,80.097],[23.944,80.32],[24.421,80.437],[24.783,80.38],[25.034,80.167],[25.351,80.149],[26.254,80.199],[26.949,80.114],[27.197,79.944],[26.067,79.574],[25.337,79.403],[24.416,79.312],[23.821,79.147],[20.998,79.191],[20.983,79.361],[21.655,79.478],[21.971,79.783]]],[[[13.252,79.801],[13.283,79.487],[13.397,79.434],[14.159,79.364],[14.258,79.534],[14.317,79.722],[14.81,79.804],[15.237,79.589],[15.774,79.242],[16.133,79.136],[16.389,79.235],[16.289,79.368],[16.082,79.528],[15.935,79.743],[15.917,79.842],[16.326,80.025],[16.777,79.979],[16.995,79.898],[17.571,79.89],[17.834,79.809],[17.798,79.621],[17.722,79.487],[17.769,79.415],[18.016,79.362],[18.351,79.515],[18.549,79.56],[19.152,79.231],[19.932,79.108],[20.684,78.915],[20.908,78.809],[20.321,78.685],[19.429,78.587],[19.116,78.455],[18.787,77.94],[18.389,77.542],[17.829,77.489],[17.485,77.248],[17.28,76.983],[17.267,76.813],[16.913,76.719],[16.663,76.727],[15.099,77.115],[14.485,77.371],[14.778,77.535],[16.287,77.615],[16.712,77.789],[16.418,77.901],[14.893,77.785],[14.131,77.766],[13.905,78],[14.337,78.027],[15.921,78.265],[16.617,78.467],[15.48,78.649],[15.084,78.781],[14.819,78.718],[14.353,78.428],[13.872,78.296],[13.618,78.269],[13.062,78.347],[12.91,78.425],[12.075,78.696],[11.76,78.88],[12.525,79.059],[12.157,79.315],[11.545,79.172],[11.335,79.207],[10.919,79.545],[11.284,79.707],[12,79.771],[12.458,79.754],[13.252,79.801]]],[[[11.179,59.07],[11.112,59.165],[10.829,59.106],[10.769,59.118],[10.549,59.379],[10.634,59.45],[10.57,59.581],[10.407,59.497],[10.379,59.367],[10.43,59.26],[10.211,59.07],[10.172,58.987],[9.938,58.94],[9.698,58.999],[9.346,58.845],[9.372,58.786],[9.146,58.656],[8.175,58.172],[8.154,58.09],[8.03,58.066],[6.959,57.972],[6.874,58.078],[6.726,58.137],[6.644,58.042],[6.479,58.09],[6.652,58.172],[6.231,58.278],[5.874,58.432],[5.615,58.455],[5.4,58.715],[5.531,58.881],[5.475,58.976],[5.627,58.964],[5.666,58.822],[5.794,58.916],[6.094,58.798],[5.984,58.887],[6.041,58.952],[6.266,58.993],[6.051,58.981],[5.94,58.934],[5.772,59.076],[6.238,59.284],[6.02,59.254],[5.877,59.313],[6.076,59.42],[6.113,59.527],[5.816,59.313],[5.8,59.432],[5.68,59.509],[5.717,59.337],[5.529,59.266],[5.344,59.266],[5.35,59.39],[5.283,59.272],[5.177,59.307],[5.087,59.509],[5.383,59.711],[5.419,59.515],[5.449,59.658],[5.646,59.586],[5.741,59.628],[5.667,59.676],[5.97,59.711],[6.185,59.824],[5.91,59.753],[5.694,59.753],[5.543,59.824],[5.806,59.949],[5.894,60.161],[5.525,60.168],[5.279,60.125],[5.096,60.264],[5.262,60.327],[5.551,60.509],[5.456,60.592],[5.255,60.564],[5.075,60.592],[4.98,60.689],[5.109,60.906],[5.387,61.026],[5.12,61.137],[5.018,61.305],[5.141,61.39],[5.101,61.699],[5.149,61.741],[5.592,61.79],[5.797,61.77],[5.834,61.819],[5.528,61.933],[5.426,62.009],[5.47,62.094],[5.565,62.15],[5.824,62.179],[6.053,62.335],[6.308,62.286],[6.533,62.336],[6.613,62.583],[7.289,62.486],[7.547,62.599],[7.102,62.705],[6.982,62.846],[7.088,62.91],[7.606,62.904],[7.989,62.94],[8.231,62.841],[8.258,63.054],[8.472,63.176],[8.606,63.325],[8.957,63.404],[9.216,63.284],[9.441,63.498],[9.832,63.684],[9.87,63.876],[10.066,64.056],[10.891,64.473],[10.997,64.494],[11.214,64.416],[11.364,64.416],[11.508,64.517],[11.407,64.617],[11.896,64.913],[12.112,65.13],[12.222,65.101],[12.526,65.109],[12.496,65.384],[12.284,65.435],[12.479,65.617],[12.709,65.909],[13.087,65.88],[13.152,66.136],[13.581,66.188],[13.403,66.349],[13.255,66.393],[13.169,66.458],[13.242,66.569],[13.383,66.679],[13.592,66.657],[13.992,66.687],[13.747,66.922],[14.055,66.975],[14.373,67.093],[14.639,67.123],[14.778,67.217],[14.616,67.245],[14.569,67.329],[14.976,67.523],[15.227,67.509],[15.385,67.464],[15.58,67.583],[15.746,67.597],[15.762,67.676],[15.572,67.821],[15.854,67.925],[15.92,68.049],[16.071,68.045],[16.233,67.911],[16.412,67.874],[16.649,68.046],[16.522,68.341],[16.719,68.311],[17.033,68.338],[17.126,68.416],[16.855,68.558],[17.04,68.659],[17.407,68.772],[17.449,68.887],[17.566,68.974],[17.895,69.035],[17.928,69.005],[18.052,69.028],[18.319,69.359],[18.553,69.247],[18.985,69.315],[19.289,69.211],[19.58,69.181],[19.821,69.37],[20.158,69.748],[20.286,69.786],[20.358,69.71],[20.278,69.582],[20.197,69.318],[20.553,69.522],[20.734,69.779],[21.103,69.818],[21.412,70.015],[21.609,69.963],[21.908,69.804],[22.306,70.216],[22.746,70.171],[23.204,69.943],[23.508,70.279],[23.827,70.479],[23.955,70.502],[24.208,70.472],[24.36,70.61],[24.571,70.741],[24.849,70.827],[25.389,70.905],[25.832,70.898],[25.231,70.558],[25.122,70.435],[25.074,70.144],[25.263,70.107],[25.574,70.367],[26.263,70.791],[26.607,70.915],[26.617,70.392],[26.934,70.469],[27.131,70.577],[27.516,70.97],[27.948,71.017],[28.211,71.018],[28.308,70.949],[27.985,70.717],[28.019,70.609],[27.875,70.425],[28.29,70.372],[28.389,70.572],[28.795,70.865],[28.984,70.857],[29.741,70.605],[30.041,70.544],[30.462,70.537],[30.754,70.43],[30.799,70.308],[30.252,70.131],[28.73,70.136],[29.08,69.961],[29.556,69.833],[29.729,69.698],[30.361,69.767],[30.735,69.752],[31.054,69.64],[30.872,69.51],[30.641,69.418],[30.27,69.409],[29.924,69.355],[29.463,69.134],[29.007,68.832],[28.697,68.696],[28.74,68.95],[29.133,69.366],[29.113,69.486],[28.717,69.642],[28.415,69.694],[27.909,69.888],[26.507,69.812],[26.118,69.644],[25.863,69.454],[25.746,69.258],[25.71,69.032],[25.625,68.807],[25.063,68.595],[24.801,68.429],[24.082,68.717],[23.336,68.616],[22.701,68.635],[22.46,68.694],[21.625,69.237],[21.406,69.273],[21.246,69.228],[20.791,68.932],[20.555,68.975],[20.166,68.958],[19.965,68.276],[19.843,68.164],[18.959,68.294],[18.179,68.469],[18.104,68.386],[18.094,68.088],[18.057,67.999],[17.914,67.864],[17.083,67.912],[16.874,67.837],[16.206,67.307],[16.305,66.983],[16.221,66.828],[15.038,66.06],[14.597,66.05],[14.542,65.94],[14.515,65.503],[14.371,65.234],[14.199,65.023],[13.94,64.799],[13.718,64.553],[13.87,64.497],[14.042,64.376],[14.155,64.111],[14.078,64.032],[13.88,63.953],[13.131,63.949],[12.853,63.897],[12.577,63.782],[12.299,63.566],[12.124,63.345],[12.09,63.046],[11.933,62.554],[12.226,62.226],[12.075,61.698],[12.337,61.523],[12.658,61.44],[12.792,61.33],[12.597,61.029],[12.174,60.956],[12.548,60.434],[12.436,60.278],[12.423,60.039],[12.077,59.866],[11.891,59.86],[11.838,59.67],[11.61,59.569],[11.709,59.195],[11.563,58.863],[11.379,58.857],[11.311,59.011],[11.179,59.07]]]]}},{"type":"Feature","properties":{"NAME":"Bulgaria","ABBREVN":"Bulgaria","SUBJECTO":"Bulgaria","BORDERPRECISION":3,"PARTOF":"Bulgaria"},"geometry":{"type":"MultiPolygon","coordinates":[[[[22.338,42.665],[22.449,42.801],[22.792,42.951],[22.928,43.086],[22.915,43.176],[22.318,43.681],[22.293,43.804],[22.374,43.939],[22.694,44.263],[23.028,44.124],[22.923,43.98],[22.944,43.895],[23.411,43.991],[23.638,43.99],[24.156,43.813],[24.31,43.826],[24.62,43.944],[24.755,43.938],[25.378,43.781],[25.549,43.807],[26.573,44.213],[26.722,43.989],[27.126,43.854],[27.369,43.612],[27.585,43.585],[27.719,43.477],[27.854,43.477],[28.035,43.392],[27.887,43.064],[27.87,42.8],[27.836,42.736],[27.654,42.684],[27.502,42.516],[27.495,42.401],[27.608,42.417],[27.723,42.316],[27.738,42.247],[27.913,42.078],[27.918,41.978],[27.318,41.98],[27.081,42.03],[26.857,42.009],[26.574,41.841],[26.35,41.641],[26.186,41.653],[26.032,41.556],[26.075,41.408],[26.036,41.293],[25.534,41.168],[25.359,41.154],[24.418,41.476],[24.155,41.449],[23.796,41.332],[22.92,41.231],[22.899,41.32],[22.946,41.455],[22.948,41.68],[22.847,41.891],[22.686,42.063],[22.386,42.197],[22.326,42.293],[22.338,42.665]]]]}},{"type":"Feature","properties":{"NAME":"Romania","ABBREVN":"Romania","SUBJECTO":"Romania","BORDERPRECISION":3,"PARTOF":"Romania"},"geometry":{"type":"MultiPolygon","coordinates":[[[[24.327,48.509],[24.678,48.536],[24.948,48.86],[25.488,48.941],[25.515,49.211],[25.677,49.211],[25.947,48.86],[26.082,49.13],[26.163,48.941],[27.108,48.644],[27.108,48.833],[27.486,48.671],[27.486,48.752],[27.648,48.752],[27.706,48.44],[27.882,48.338],[28.013,48.309],[28.115,48.218],[28.347,48.23],[28.359,48.201],[28.302,48.133],[28.387,48.139],[28.415,48.082],[28.908,47.818],[29.116,47.283],[29.427,46.816],[30.066,46.28],[30.433,46.176],[30.069,45.861],[29.63,45.75],[29.5,45.523],[29.536,45.452],[29.683,45.375],[29.711,45.258],[29.458,44.915],[29.09,44.876],[28.918,44.766],[28.686,44.488],[28.573,44.198],[28.446,43.476],[28.328,43.438],[28.187,43.45],[28.035,43.392],[27.854,43.477],[27.719,43.477],[27.585,43.585],[27.369,43.612],[27.126,43.854],[26.722,43.989],[26.573,44.213],[25.549,43.807],[25.378,43.781],[24.755,43.938],[24.62,43.944],[24.31,43.826],[24.156,43.813],[23.638,43.99],[23.411,43.991],[22.944,43.895],[22.923,43.98],[23.028,44.124],[22.506,44.347],[22.441,44.495],[22.585,44.586],[22.742,44.58],[22.691,44.639],[22.41,44.75],[22.296,44.692],[22.133,44.511],[21.859,44.681],[21.592,44.708],[21.583,44.793],[21.367,44.809],[21.344,44.883],[21.546,44.958],[21.356,45.021],[21.497,45.144],[21.466,45.208],[21.079,45.325],[20.759,45.536],[20.785,45.576],[20.738,45.629],[20.772,45.79],[20.681,45.806],[20.595,45.912],[20.339,45.993],[20.315,46.132],[20.838,46.198],[21.001,46.27],[21.34,46.525],[22.059,47.556],[22.32,47.74],[22.826,47.86],[23.09,48.05],[23.444,47.996],[23.553,48.044],[23.984,47.958],[24.209,47.944],[24.327,48.509]]]]}},{"type":"Feature","properties":{"NAME":"Czechoslovakia","ABBREVN":"Czechoslovakia","SUBJECTO":"Czechoslovakia","BORDERPRECISION":3,"PARTOF":"Czechoslovakia"},"geometry":{"type":"MultiPolygon","coordinates":[[[[15.088,50.69],[16.278,50.533],[16.204,50.463],[16.262,50.437],[16.262,49.774],[17.033,49.748],[17.213,49.616],[18.02,49.603],[18.085,49.759],[18.304,49.955],[18.55,49.476],[18.981,49.481],[18.986,49.444],[19.179,49.465],[19.262,49.573],[19.348,49.566],[19.376,49.616],[19.493,49.627],[19.614,49.443],[19.763,49.455],[19.793,49.374],[19.782,49.244],[19.957,49.282],[20.038,49.228],[20.152,49.368],[20.403,49.46],[20.479,49.435],[20.696,49.456],[20.903,49.341],[21.071,49.422],[21.104,49.484],[21.333,49.466],[21.585,49.5],[21.643,49.441],[21.959,49.357],[22.006,49.26],[22.29,49.178],[22.376,49.011],[22.756,49.011],[22.929,48.752],[23.275,48.631],[23.326,48.786],[23.637,48.613],[23.637,48.475],[23.776,48.51],[23.862,48.32],[23.966,48.354],[24.044,47.954],[23.553,48.044],[23.444,47.996],[23.3,48.018],[22.821,48.471],[22.602,48.492],[22.33,48.674],[21.803,48.624],[21.61,48.647],[21.26,48.76],[21.007,48.717],[20.884,48.731],[20.09,48.547],[17.517,48.198],[17.249,48.054],[16.989,48.241],[16.919,48.358],[16.961,48.606],[16.914,48.704],[16.051,49.048],[15.836,48.923],[15.071,49.155],[15.036,49.048],[14.748,48.892],[14.302,48.93],[13.036,49.694],[13.003,50.017],[14.387,50.443],[14.476,50.376],[15.088,50.69]]]]}},{"type":"Feature","properties":{"NAME":"Hungary","ABBREVN":"Hungary","SUBJECTO":"Hungary","BORDERPRECISION":3,"PARTOF":"Hungary"},"geometry":{"type":"MultiPolygon","coordinates":[[[[21.26,48.76],[21.61,48.647],[21.803,48.624],[22.33,48.674],[22.602,48.492],[22.821,48.471],[23.3,48.018],[23.09,48.05],[22.826,47.86],[22.32,47.74],[22.059,47.556],[21.34,46.525],[21.001,46.27],[20.838,46.198],[20.513,46.177],[20.394,46.131],[19.906,46.162],[19.507,46.127],[18.551,45.798],[18.056,45.763],[17.794,45.807],[17.292,46.109],[16.657,46.384],[16.396,46.623],[16.26,46.889],[16.415,47.023],[16.484,47.156],[16.393,47.24],[16.411,47.409],[16.595,47.437],[16.665,47.53],[16.605,47.618],[16.401,47.646],[16.501,47.735],[16.647,47.735],[16.722,47.675],[17.037,47.699],[17.045,47.864],[17.331,47.995],[17.249,48.054],[17.517,48.198],[20.09,48.547],[20.884,48.731],[21.007,48.717],[21.26,48.76]]]]}},{"type":"Feature","properties":{"NAME":"Germany","ABBREVN":"Germany","SUBJECTO":"Germany","BORDERPRECISION":3,"PARTOF":"Germany"},"geometry":{"type":"MultiPolygon","coordinates":[[[[22.547,55.057],[22.632,54.949],[22.794,54.902],[22.824,54.787],[22.724,54.733],[22.662,54.571],[22.699,54.415],[21.367,54.37],[19.978,54.424],[20.327,54.564],[20.006,54.547],[19.938,54.608],[19.882,54.525],[19.833,54.531],[19.863,54.752],[19.943,54.85],[20.985,54.812],[21.137,54.845],[21.192,54.96],[21.113,55.089],[21.224,55.111],[21.162,55.221],[21.375,55.28],[21.437,55.188],[21.545,55.188],[21.761,55.103],[21.992,55.072],[22.03,55.026],[22.547,55.057]]],[[[14.387,50.443],[13.003,50.017],[13.036,49.694],[14.302,48.93],[14.748,48.892],[15.036,49.048],[15.071,49.155],[15.836,48.923],[16.051,49.048],[16.914,48.704],[16.963,48.619],[16.919,48.358],[16.989,48.241],[17.331,47.995],[17.045,47.864],[17.037,47.699],[16.722,47.675],[16.647,47.735],[16.501,47.735],[16.401,47.646],[16.605,47.618],[16.665,47.53],[16.595,47.437],[16.411,47.409],[16.393,47.24],[16.484,47.156],[16.415,47.023],[16.26,46.889],[15.947,46.818],[15.985,46.642],[15.584,46.694],[15.45,46.605],[15.068,46.642],[14.813,46.593],[14.522,46.369],[14.393,46.437],[14.117,46.433],[14.037,46.481],[13.569,46.51],[12.362,46.709],[12.218,46.884],[12.075,46.928],[12.064,47.091],[11.679,46.989],[11.543,47.035],[11.343,46.986],[11.261,47.023],[11.096,46.98],[10.948,46.795],[10.679,46.81],[10.396,46.887],[10.409,46.965],[10.312,47.017],[10.052,46.868],[9.804,46.977],[9.801,47.042],[9.521,47.069],[9.561,47.156],[9.465,47.286],[9.584,47.409],[9.539,47.487],[9.743,47.505],[9.712,47.551],[9.534,47.597],[9.502,47.646],[9.288,47.684],[9.043,47.818],[9.211,47.683],[9.043,47.693],[9.109,47.69],[8.987,47.743],[9.014,47.72],[8.94,47.726],[8.995,47.684],[8.815,47.681],[8.748,47.721],[8.659,47.715],[8.651,47.783],[8.332,47.693],[8.412,47.604],[8.253,47.594],[8.128,47.644],[7.873,47.573],[7.751,47.616],[7.628,47.564],[7.507,47.604],[7.446,47.709],[7.543,48.024],[7.502,48.058],[7.536,48.191],[7.681,48.359],[7.729,48.616],[8.158,48.978],[7.886,49.065],[7.67,49.059],[7.465,49.099],[7.423,49.183],[6.975,49.137],[6.954,49.202],[6.777,49.177],[6.433,49.445],[6.399,49.604],[6.511,49.669],[6.531,49.798],[6.321,49.842],[6.137,49.982],[6.109,50.117],[6.298,50.287],[6.281,50.498],[6.155,50.662],[6,50.742],[6.074,50.867],[6.01,50.964],[5.928,50.981],[6.176,51.144],[6.089,51.198],[6.222,51.389],[6.117,51.64],[5.948,51.722],[5.979,51.804],[6.211,51.88],[6.381,51.82],[6.68,51.888],[6.825,51.956],[6.882,52.126],[7.068,52.219],[7.069,52.366],[6.997,52.443],[6.912,52.416],[6.714,52.476],[6.778,52.64],[7.035,52.624],[7.073,52.804],[7.228,52.967],[7.16,53.164],[7.19,53.23],[6.981,53.317],[7.037,53.51],[7.166,53.592],[7.969,53.638],[8.099,53.444],[8.029,53.373],[8.175,53.322],[8.242,53.352],[8.261,53.439],[8.189,53.531],[8.306,53.525],[8.502,53.449],[8.429,53.612],[8.54,53.801],[8.848,53.75],[9.125,53.79],[8.857,53.867],[8.819,53.969],[8.946,54.015],[8.833,54.066],[8.779,54.132],[8.853,54.168],[8.884,54.229],[8.581,54.194],[8.554,54.275],[8.852,54.332],[8.951,54.419],[8.596,54.761],[8.616,54.887],[9.496,54.938],[9.864,54.726],[9.987,54.592],[9.978,54.49],[9.865,54.411],[10.065,54.434],[10.142,54.337],[10.213,54.372],[10.34,54.362],[10.446,54.292],[10.649,54.259],[11.039,54.313],[11.073,54.22],[11.016,54.097],[10.717,53.964],[10.859,53.877],[11.151,53.938],[11.202,53.857],[11.408,53.859],[11.565,54.035],[12.041,54.097],[12.653,54.321],[12.765,54.27],[12.943,54.347],[13.064,54.194],[13.431,54.03],[13.668,54.084],[13.738,54.03],[13.78,53.775],[13.85,53.729],[14.01,53.673],[14.177,53.683],[14.19,53.625],[14.433,53.594],[14.537,53.538],[14.495,53.625],[14.565,53.694],[14.557,53.76],[14.483,53.819],[14.467,53.91],[15.08,54.003],[15.312,54.071],[15.898,54.128],[16.115,54.2],[16.473,54.415],[16.976,54.549],[17.658,54.685],[18.299,54.716],[17.608,53.817],[17.716,53.666],[16.724,53.127],[16.293,53.149],[16.314,52.48],[16.422,52.264],[16.94,52.092],[17.544,52.092],[17.759,51.596],[18.148,51.402],[18.557,50.431],[18.268,50.008],[18.304,49.955],[18.085,49.759],[18.02,49.603],[17.213,49.616],[17.033,49.748],[16.262,49.774],[16.262,50.437],[16.204,50.463],[16.278,50.533],[15.088,50.69],[14.476,50.376],[14.387,50.443]]]]}},{"type":"Feature","properties":{"NAME":"Poland","ABBREVN":"Poland","SUBJECTO":"Poland","BORDERPRECISION":3,"PARTOF":"Poland"},"geometry":{"type":"MultiPolygon","coordinates":[[[[27.505,54.703],[26.715,54.34],[26.604,53.052],[27.093,53.04],[27.082,52.912],[27.324,52.319],[27.27,51.726],[27.405,51.483],[27.486,50.836],[26.947,50.324],[27.001,49.677],[26.947,49.111],[26.989,48.681],[26.163,48.941],[26.082,49.13],[25.947,48.86],[25.677,49.211],[25.515,49.211],[25.488,48.941],[24.948,48.86],[24.678,48.536],[24.327,48.509],[24.209,47.944],[24.044,47.954],[23.966,48.354],[23.862,48.32],[23.776,48.51],[23.637,48.475],[23.637,48.613],[23.326,48.786],[23.275,48.631],[22.929,48.752],[22.756,49.011],[22.376,49.011],[22.29,49.178],[22.006,49.26],[21.959,49.357],[21.643,49.441],[21.585,49.5],[21.333,49.466],[21.104,49.484],[21.071,49.422],[20.903,49.341],[20.696,49.456],[20.479,49.435],[20.403,49.46],[20.152,49.368],[20.038,49.228],[19.957,49.282],[19.782,49.244],[19.793,49.374],[19.763,49.455],[19.614,49.443],[19.493,49.627],[19.376,49.616],[19.348,49.566],[19.262,49.573],[19.179,49.465],[18.986,49.444],[18.981,49.481],[18.55,49.476],[18.268,50.008],[18.557,50.431],[18.148,51.402],[17.759,51.596],[17.544,52.092],[16.94,52.092],[16.422,52.264],[16.314,52.48],[16.293,53.149],[16.724,53.127],[17.716,53.666],[17.608,53.817],[18.299,54.716],[18.76,54.536],[18.363,54.669],[18.338,54.603],[18.454,54.525],[18.513,54.316],[18.673,54.255],[18.965,54.228],[19.255,54.277],[19.758,54.459],[19.318,54.272],[19.232,54.222],[19.23,54.167],[19.328,54.161],[19.978,54.424],[21.367,54.37],[22.987,54.425],[23.311,54.309],[23.531,53.916],[23.772,53.9],[24.158,53.947],[24.243,53.877],[24.374,53.877],[24.636,53.97],[24.775,53.97],[24.805,54.024],[24.767,54.101],[24.822,54.121],[24.945,54.965],[26.046,54.956],[26.162,54.987],[26.247,55.126],[26.478,55.149],[26.532,55.111],[26.609,55.118],[26.663,55.257],[26.756,55.28],[26.44,55.342],[26.532,55.465],[26.594,55.666],[26.748,55.681],[26.971,55.812],[27.133,55.812],[27.496,55.766],[27.58,55.781],[27.729,55.501],[27.675,55.123],[27.505,54.703]]]]}},{"type":"Feature","properties":{"NAME":"Sweden","ABBREVN":"Sweden","SUBJECTO":"Sweden","BORDERPRECISION":3,"PARTOF":"Sweden"},"geometry":{"type":"MultiPolygon","coordinates":[[[[16.572,56.372],[16.496,56.241],[16.416,56.215],[16.392,56.465],[16.42,56.586],[16.612,56.868],[16.749,56.94],[16.848,57.064],[16.959,57.224],[16.973,57.305],[17.036,57.352],[17.099,57.351],[17.124,57.321],[16.927,57.038],[16.837,56.827],[16.77,56.796],[16.572,56.372]]],[[[23.204,65.681],[22.646,65.935],[22.49,65.883],[22.202,65.715],[21.957,65.446],[21.819,65.38],[21.522,65.372],[21.277,65.212],[21.424,65.104],[21.489,65.017],[21.329,64.894],[20.921,64.714],[21.064,64.592],[21.237,64.521],[21.386,64.385],[21.049,64.219],[20.701,63.818],[19.67,63.389],[19.465,63.481],[19.318,63.445],[19.076,63.202],[18.785,63.138],[18.487,62.981],[18.303,62.789],[17.868,62.789],[17.936,62.548],[17.718,62.357],[17.29,62.441],[17.387,62.201],[17.497,62.088],[17.387,61.658],[17.163,61.63],[17.065,61.538],[17.15,61.198],[17.146,60.953],[17.318,60.753],[17.188,60.674],[17.605,60.638],[17.706,60.554],[17.931,60.59],[18.417,60.182],[18.804,60.108],[18.893,59.926],[19.037,59.863],[19.044,59.712],[18.868,59.712],[18.639,59.567],[18.03,59.359],[17.795,59.364],[17.73,59.416],[17.071,59.546],[16.786,59.577],[16.724,59.531],[16.523,59.583],[16.408,59.447],[16.776,59.479],[17,59.359],[17.266,59.339],[17.358,59.245],[17.575,59.214],[17.584,59.271],[17.862,59.24],[17.978,59.328],[18.111,59.323],[18.328,59.37],[18.43,59.333],[18.441,59.401],[18.515,59.401],[18.611,59.333],[18.598,59.297],[18.273,59.287],[18.372,59.157],[18.016,59.038],[17.94,58.908],[17.766,58.872],[17.726,58.914],[17.739,59.11],[17.623,59.1],[17.582,58.893],[17.357,58.743],[17.245,58.717],[17.083,58.748],[17.081,58.65],[16.443,58.634],[16.513,58.428],[16.744,58.312],[16.774,58.038],[16.725,57.889],[16.598,57.866],[16.46,57.895],[16.477,57.702],[16.607,57.666],[16.55,57.545],[16.659,57.443],[16.494,57.279],[16.395,57.074],[16.376,56.822],[15.771,56.033],[15.497,56.167],[15.221,56.08],[14.653,56.121],[14.605,55.981],[14.492,56.018],[14.259,55.899],[14.126,55.667],[14.286,55.515],[14.117,55.347],[13.823,55.422],[13.302,55.301],[12.802,55.353],[12.802,55.417],[12.888,55.452],[12.859,55.533],[12.986,55.667],[12.699,55.905],[12.414,56.243],[12.652,56.296],[12.615,56.436],[12.805,56.401],[12.872,56.512],[12.786,56.617],[12.657,56.611],[12.526,56.78],[12.289,56.88],[12.005,57.325],[11.877,57.325],[11.881,57.509],[11.766,57.673],[11.61,57.807],[11.802,58.178],[11.614,58.247],[11.431,58.202],[11.407,58.331],[11.221,58.308],[11.14,58.851],[11.039,58.91],[11.179,59.07],[11.311,59.011],[11.379,58.857],[11.563,58.863],[11.709,59.195],[11.61,59.569],[11.838,59.67],[11.891,59.86],[12.077,59.866],[12.423,60.039],[12.436,60.278],[12.548,60.434],[12.174,60.956],[12.597,61.029],[12.792,61.33],[12.658,61.44],[12.337,61.523],[12.075,61.698],[12.226,62.226],[11.933,62.554],[12.09,63.046],[12.124,63.345],[12.299,63.566],[12.577,63.782],[12.853,63.897],[13.131,63.949],[13.88,63.953],[14.078,64.032],[14.155,64.111],[14.042,64.376],[13.87,64.497],[13.718,64.553],[13.94,64.799],[14.199,65.023],[14.371,65.234],[14.515,65.503],[14.542,65.94],[14.597,66.05],[15.038,66.06],[16.221,66.828],[16.305,66.983],[16.206,67.307],[16.874,67.837],[17.083,67.912],[17.914,67.864],[18.057,67.999],[18.094,68.088],[18.104,68.386],[18.179,68.469],[18.959,68.294],[19.843,68.164],[19.965,68.276],[20.166,68.958],[20.555,68.975],[20.739,68.961],[20.856,68.918],[21.133,68.709],[21.712,68.413],[22.201,68.281],[22.913,68.188],[23.141,68.085],[23.488,67.834],[23.458,67.412],[23.686,67.125],[23.868,66.817],[23.881,66.641],[23.656,66.28],[23.749,66.04],[23.897,65.902],[23.948,65.797],[23.204,65.681]]],[[[18.14,56.915],[18.257,57.032],[18.254,57.079],[18.173,57.142],[18.119,57.531],[18.295,57.646],[18.456,57.803],[18.682,57.914],[19.005,57.909],[19.033,57.827],[18.929,57.74],[18.809,57.704],[18.76,57.508],[18.788,57.448],[18.714,57.247],[18.397,57.134],[18.346,57.08],[18.347,56.999],[18.302,56.937],[18.14,56.915]]],[[[19.277,57.94],[19.151,57.919],[19.126,57.84],[19.037,57.896],[19.089,57.97],[19.332,57.965],[19.277,57.94]]]]}},{"type":"Feature","properties":{"NAME":"Finland","ABBREVN":"Finland","SUBJECTO":"Finland","BORDERPRECISION":3,"PARTOF":"Finland"},"geometry":{"type":"MultiPolygon","coordinates":[[[[32.835,61.6],[28.668,60.159],[28.569,60.198],[28.435,60.337],[28.551,60.533],[28.522,60.623],[27.474,60.426],[27.406,60.345],[27.178,60.442],[26.946,60.376],[26.922,60.316],[26.613,60.348],[26.526,60.396],[26.552,60.571],[26.443,60.333],[26.323,60.27],[25.89,60.236],[25.846,60.115],[25.581,60.262],[25.45,60.138],[25.146,60.11],[24.993,60.03],[24.969,60.087],[24.516,59.989],[24.421,59.87],[24.281,59.938],[23.979,59.881],[23.961,59.932],[23.665,59.836],[23.201,59.818],[22.982,59.932],[22.882,60.056],[23.005,60.209],[22.625,60.201],[22.392,60.121],[22.421,60.293],[22.221,60.259],[21.931,60.381],[21.747,60.408],[21.56,60.512],[21.443,60.694],[21.427,61.015],[21.498,61.183],[21.561,61.485],[21.405,61.702],[21.211,61.871],[21.346,62.167],[21.338,62.344],[21.2,62.435],[21.034,62.477],[21.062,62.612],[21.195,62.761],[21.481,62.889],[21.546,62.974],[21.495,63.123],[21.666,63.187],[22.075,63.103],[22.292,63.203],[22.429,63.395],[22.476,63.602],[22.569,63.723],[22.704,63.581],[22.826,63.581],[24.47,64.636],[24.932,64.816],[25.325,64.802],[25.352,64.939],[25.293,65.004],[25.133,65.076],[25.252,65.417],[25.104,65.54],[24.591,65.583],[24.215,65.786],[23.948,65.797],[23.897,65.902],[23.749,66.04],[23.656,66.28],[23.881,66.641],[23.868,66.817],[23.686,67.125],[23.458,67.412],[23.488,67.834],[23.141,68.085],[22.913,68.188],[22.201,68.281],[21.712,68.413],[21.133,68.709],[20.856,68.918],[20.791,68.932],[21.246,69.228],[21.406,69.273],[21.625,69.237],[22.46,68.694],[22.701,68.635],[23.336,68.616],[24.082,68.717],[24.801,68.429],[25.063,68.595],[25.625,68.807],[25.71,69.032],[25.746,69.258],[25.863,69.454],[26.118,69.644],[26.507,69.812],[27.909,69.888],[28.415,69.694],[28.717,69.642],[29.113,69.486],[29.133,69.366],[28.74,68.95],[28.697,68.696],[29.007,68.832],[29.463,69.134],[29.924,69.355],[30.27,69.409],[30.641,69.418],[30.872,69.51],[31.054,69.64],[31.331,69.663],[32.072,69.883],[32.076,69.815],[32.223,69.616],[29.065,67.983],[29.268,67.938],[29.702,67.71],[29.946,67.534],[29.757,67.37],[29.171,67.021],[29.023,66.887],[29.654,66.26],[30.002,65.722],[29.913,65.562],[29.715,65.321],[29.631,65.14],[29.618,64.973],[29.784,64.744],[30.363,64.117],[30.432,64.003],[30.406,63.889],[30.015,63.616],[30.213,63.467],[31.14,63.124],[31.336,62.947],[31.408,62.792],[31.37,62.645],[32.835,61.6]]]]}},{"type":"Feature","properties":{"NAME":"Denmark","ABBREVN":"Denmark","SUBJECTO":"Denmark","BORDERPRECISION":3,"PARTOF":"Denmark"},"geometry":{"type":"MultiPolygon","coordinates":[[[[12.107,54.8],[11.963,54.685],[11.979,54.567],[11.945,54.567],[11.872,54.651],[11.899,54.719],[11.709,54.937],[11.847,54.956],[12.111,54.887],[12.168,54.842],[12.107,54.8]]],[[[-26.329,71.132],[-27.606,71.068],[-27.916,70.998],[-28.084,70.897],[-28.222,70.627],[-28.384,70.458],[-27.912,70.282],[-27.475,70.207],[-26.252,70.178],[-25.453,70.287],[-24.585,70.304],[-24.195,70.243],[-23.587,70.084],[-23.009,70.093],[-22.158,70.056],[-22.732,69.774],[-24.333,69.333],[-24.897,69.392],[-25.324,69.09],[-25.802,68.864],[-26.362,68.66],[-26.964,68.502],[-27.959,68.477],[-29.4,68.228],[-29.825,68.414],[-29.994,68.391],[-30.305,67.98],[-30.736,67.928],[-31.02,67.957],[-31.355,68.046],[-31.635,68.254],[-32.019,68.447],[-32.359,68.544],[-32.355,68.454],[-32.037,67.985],[-32.124,67.873],[-32.268,67.865],[-32.956,67.641],[-33.214,67.47],[-33.96,66.767],[-34.433,66.384],[-34.782,66.266],[-35.248,66.229],[-35.708,66.352],[-35.774,66.103],[-35.972,65.847],[-36.324,65.722],[-36.771,65.765],[-37.048,65.743],[-37.579,65.545],[-37.155,66.32],[-37.567,66.319],[-38.042,66.399],[-37.925,66.209],[-37.937,66.004],[-38.11,65.821],[-38.467,65.645],[-38.989,65.572],[-39.992,65.533],[-39.782,65.352],[-39.686,65.171],[-39.727,64.997],[-39.898,64.953],[-41.06,65.037],[-40.484,64.685],[-40.351,64.528],[-40.355,64.427],[-40.472,64.348],[-41.011,64.332],[-41.484,64.274],[-40.691,63.932],[-40.516,63.782],[-40.766,63.575],[-40.894,63.524],[-41.163,63.567],[-41.378,63.523],[-41.223,63.31],[-41.227,63.253],[-41.434,63.039],[-41.916,63.124],[-41.789,62.847],[-41.834,62.691],[-42.299,62.739],[-42.74,62.689],[-43.226,62.681],[-42.919,62.462],[-42.42,62.286],[-42.271,62.194],[-42.306,61.729],[-42.478,61.307],[-42.67,61.264],[-43.037,61.292],[-42.817,61.026],[-42.824,60.802],[-42.754,60.697],[-42.785,60.529],[-43.497,60.479],[-43.154,60.305],[-42.962,60.034],[-43.015,59.833],[-43.144,59.819],[-43.579,59.936],[-44.052,60.164],[-44.276,60.032],[-44.467,59.761],[-44.753,60.031],[-44.682,60.288],[-44.856,60.379],[-45.362,60.461],[-45.622,60.601],[-45.604,60.685],[-45.49,60.797],[-45.46,60.895],[-45.606,61.02],[-45.771,61.104],[-46.072,60.942],[-46.196,60.935],[-46.331,60.872],[-46.531,60.893],[-47.159,60.856],[-47.63,60.597],[-47.822,60.778],[-47.869,60.939],[-47.969,61.037],[-48.2,61.142],[-48.568,61.246],[-48.915,61.421],[-49.148,61.772],[-49.116,62.104],[-49.206,62.174],[-49.401,62.216],[-49.611,62.195],[-50.048,62.314],[-50.097,62.356],[-50.159,62.462],[-50.096,62.668],[-49.889,62.846],[-49.857,62.967],[-50.466,63.051],[-50.591,63.15],[-50.617,63.435],[-50.823,63.491],[-51.101,63.47],[-51.366,63.726],[-51.355,63.812],[-51.266,63.926],[-50.988,64.092],[-50.439,64.243],[-50.257,64.38],[-50.043,64.438],[-50.02,64.61],[-50.144,64.739],[-50.994,64.615],[-51.28,64.428],[-51.521,64.37],[-51.805,64.233],[-51.957,64.377],[-51.94,64.657],[-51.992,65.01],[-52.084,65.213],[-52.078,65.372],[-52.187,65.518],[-52.414,65.481],[-52.536,65.495],[-52.835,65.655],[-53.103,65.873],[-53.108,66.034],[-52.73,66.276],[-52.611,66.268],[-52.86,66.353],[-53.348,66.324],[-53.394,66.452],[-53.222,66.531],[-52.448,66.607],[-52.303,66.909],[-52.847,66.931],[-53.104,66.908],[-53.267,66.922],[-53.397,66.996],[-53.45,67.084],[-53.349,67.21],[-53.251,67.214],[-53.17,67.286],[-52.978,67.31],[-53.147,67.395],[-53.395,67.362],[-53.494,67.473],[-53.436,67.618],[-53.319,67.618],[-52.808,67.775],[-51.527,67.651],[-51.357,67.592],[-50.477,67.482],[-50.491,67.645],[-50.357,67.891],[-50.491,67.973],[-50.95,68.091],[-52.842,68.506],[-52.691,68.663],[-52.337,68.664],[-51.679,68.5],[-51.214,68.479],[-51.005,68.509],[-50.954,68.539],[-50.874,68.945],[-50.607,68.96],[-50.369,68.908],[-50.266,68.953],[-50.279,69.111],[-50.366,69.194],[-50.767,69.336],[-50.694,69.533],[-50.457,69.738],[-50.573,69.866],[-51.117,69.941],[-51.637,69.94],[-52.909,70.289],[-53.666,70.357],[-54.008,70.51],[-54.374,70.725],[-54.158,70.81],[-53.628,70.819],[-52.69,70.682],[-52.367,70.667],[-50.824,70.247],[-50.799,70.385],[-50.939,70.577],[-51.326,70.823],[-51.404,71.024],[-51.675,71.224],[-51.893,71.247],[-52.198,71.355],[-52.036,71.48],[-51.791,71.543],[-51.72,71.59],[-52.037,71.698],[-52.532,71.705],[-52.813,71.743],[-53.323,71.891],[-53.865,71.547],[-53.988,71.414],[-54.382,71.305],[-55.012,71.335],[-55.477,71.489],[-55.614,71.598],[-55.626,71.73],[-55.43,71.871],[-55.298,72.161],[-55.366,72.728],[-55.104,72.752],[-54.793,72.666],[-54.626,72.721],[-54.558,72.872],[-54.73,73.038],[-55.15,73.283],[-55.353,73.346],[-55.779,73.704],[-56.679,74.701],[-56.939,74.919],[-57.774,75.09],[-58.075,75.205],[-58.205,75.295],[-58.229,75.611],[-58.636,75.793],[-59.783,75.916],[-61.507,76.258],[-62.916,76.364],[-63.651,76.38],[-64.004,76.295],[-65.475,76.099],[-66.027,76.173],[-66.684,76.307],[-66.54,75.971],[-66.563,75.929],[-67.037,75.936],[-67.619,76.019],[-69.045,76.294],[-68.144,76.6],[-68.186,76.702],[-68.376,76.778],[-69.851,76.792],[-70.5,76.833],[-71.057,77.028],[-71.448,77.122],[-71.184,77.26],[-70.618,77.278],[-69.252,77.212],[-67.736,77.189],[-66.784,77.259],[-66.178,77.398],[-66.153,77.553],[-66.436,77.682],[-66.805,77.777],[-67.352,77.706],[-67.852,77.593],[-68.441,77.583],[-68.953,77.634],[-69.688,77.555],[-69.994,77.58],[-70.38,77.666],[-70.678,77.83],[-71.045,77.916],[-71.343,77.942],[-71.669,77.915],[-71.888,77.949],[-72.525,78.166],[-72.545,78.324],[-72.383,78.526],[-70.78,78.687],[-69.266,78.796],[-68.839,78.974],[-68.349,79.09],[-67.969,79.127],[-66.854,79.129],[-66.359,79.174],[-65.485,79.158],[-65.304,79.221],[-65.164,79.31],[-64.891,79.382],[-64.8,79.678],[-64.623,79.949],[-65.024,80.052],[-65.9,80.069],[-66.419,79.982],[-66.851,80.039],[-67.41,80.211],[-67.143,80.562],[-66.522,80.711],[-63.725,81.086],[-62.775,81.159],[-62.251,81.119],[-61.112,81.182],[-60.957,81.264],[-60.952,81.365],[-61.112,81.704],[-61.122,81.798],[-60.887,81.861],[-60.039,81.883],[-59.352,81.791],[-57.444,81.424],[-57.074,81.548],[-57.82,81.784],[-58.133,82.013],[-54.575,82.328],[-53.768,82.245],[-53.664,81.463],[-53.253,81.535],[-53.01,81.68],[-52.816,82.13],[-52.364,82.12],[-49.938,81.676],[-49.846,81.811],[-50.136,81.946],[-50.503,82.188],[-50.905,82.368],[-50.772,82.497],[-49.648,82.478],[-47.897,82.215],[-47.319,82.089],[-46.37,81.944],[-44.683,81.729],[-44.323,81.823],[-43.955,82.491],[-44.102,82.576],[-44.684,82.727],[-45.213,82.967],[-44.894,83.078],[-43.812,83.08],[-42.479,83.228],[-41.881,83.263],[-41.194,83.186],[-40.195,82.967],[-38.587,82.828],[-38.452,83.17],[-38.587,83.382],[-36.487,83.511],[-34.427,83.403],[-32.513,83.577],[-31.594,83.579],[-30.757,83.479],[-29.936,83.503],[-29.344,83.471],[-29.065,83.426],[-28.818,83.472],[-26.421,83.342],[-25.324,83],[-24.708,82.891],[-24.103,82.926],[-23.6,82.85],[-22.432,82.743],[-22.232,82.56],[-22.59,82.419],[-25.457,82.221],[-28.391,82.31],[-29.016,82.235],[-31.135,82.198],[-31.803,82.123],[-32.598,81.974],[-32.749,81.765],[-32.415,81.652],[-31.267,81.778],[-30.651,81.811],[-28.891,81.794],[-27.89,81.848],[-26.393,81.862],[-25.975,81.831],[-25.178,81.636],[-24.877,81.595],[-22.948,81.9],[-22.064,81.965],[-21.798,81.757],[-22.053,81.54],[-23.095,81.252],[-23.533,81.1],[-24.11,80.769],[-24.055,80.631],[-23.912,80.563],[-23.339,80.623],[-21.817,81.114],[-21.182,81.287],[-20.065,81.523],[-19.317,81.597],[-17.963,81.518],[-17.29,81.653],[-16.973,81.798],[-16.465,81.904],[-15.499,81.906],[-14.253,81.835],[-12.705,81.621],[-12.563,81.509],[-12.644,81.386],[-14.202,81.21],[-15.013,80.858],[-15.734,80.698],[-16.441,80.451],[-16.92,80.411],[-19.045,80.426],[-19.716,80.337],[-20.045,80.24],[-20.267,79.999],[-20.193,79.854],[-19.316,79.991],[-18.605,80.012],[-17.769,79.967],[-17.768,79.777],[-18.102,79.669],[-19.177,79.613],[-19.385,79.55],[-19.481,79.46],[-19.551,79.193],[-19.763,78.873],[-20.068,78.802],[-20.545,78.836],[-20.879,78.818],[-21.7,77.923],[-21.768,77.767],[-21.564,77.629],[-21.382,77.587],[-21.111,77.803],[-20.777,77.969],[-20.391,77.987],[-19.336,77.867],[-19.177,77.824],[-19.059,77.695],[-19.086,77.6],[-19.944,77.641],[-20.174,77.598],[-20.235,77.511],[-20.105,77.382],[-19.315,77.298],[-19.064,77.239],[-18.253,77.3],[-18.016,77.206],[-17.92,77.061],[-17.942,76.865],[-18.057,76.805],[-18.883,76.889],[-19.978,76.946],[-20.561,76.911],[-21.183,76.697],[-21.553,76.756],[-21.773,76.824],[-22.25,76.806],[-22.378,76.636],[-21.751,76.367],[-21.217,76.267],[-19.884,76.177],[-19.57,76.11],[-19.322,75.893],[-19.2,75.693],[-19.194,75.444],[-19.389,75.261],[-19.562,75.228],[-20.512,75.358],[-20.679,75.308],[-20.669,75.061],[-20.616,74.954],[-20.424,74.882],[-19.071,74.609],[-18.899,74.44],[-19.051,74.335],[-19.716,74.213],[-20.502,74.227],[-21.762,74.305],[-22.029,74.104],[-21.781,74.016],[-21.153,73.993],[-20.679,73.922],[-20.354,73.811],[-20.314,73.667],[-20.33,73.42],[-20.88,73.443],[-21.44,73.394],[-21.709,73.274],[-22.269,73.265],[-22.82,73.327],[-23.494,73.509],[-23.909,73.724],[-24.076,73.756],[-25.01,73.475],[-25.498,73.434],[-25.763,73.354],[-26.827,73.408],[-27.263,73.343],[-27.441,73.287],[-27.519,73.16],[-27.516,73.096],[-27.357,72.859],[-27.038,72.749],[-26.46,72.726],[-25.778,72.609],[-25.073,72.634],[-23.92,72.188],[-22.818,71.87],[-22.649,71.745],[-22.431,71.341],[-22.03,71.435],[-21.904,71.497],[-21.726,71.405],[-21.592,71.211],[-21.471,70.532],[-21.547,70.44],[-21.714,70.386],[-22.203,70.485],[-23.084,70.468],[-23.754,70.59],[-24.04,70.774],[-24.227,71.059],[-24.386,71.183],[-24.913,71.437],[-25.291,71.569],[-25.628,71.631],[-26.12,71.669],[-26.355,71.606],[-26.787,71.558],[-25.85,71.436],[-25.695,71.273],[-26.329,71.132]]],[[[-23.657,72.472],[-23.798,72.66],[-23.131,72.678],[-22.729,72.615],[-22.251,72.498],[-21.882,72.365],[-21.809,72.145],[-21.906,72.051],[-22.146,72.027],[-22.833,72.269],[-23.657,72.472]]],[[[-54.574,69.609],[-54.687,69.707],[-54.723,70.087],[-54.594,70.24],[-54.428,70.248],[-54.137,70.187],[-53.617,70.158],[-53.037,70.037],[-52.701,69.915],[-52.084,69.772],[-51.813,69.622],[-51.877,69.531],[-51.928,69.515],[-52.521,69.477],[-53.551,69.278],[-53.807,69.338],[-54.125,69.481],[-54.574,69.609]]],[[[8.96,57.132],[9.302,57.166],[9.449,57.228],[9.849,57.582],[10.29,57.672],[10.39,57.661],[10.479,57.759],[10.558,57.745],[10.401,57.506],[10.451,57.458],[10.463,57.242],[10.333,57.171],[10.257,57.006],[9.503,56.975],[9.334,57.023],[9.141,57.009],[9.079,57.037],[8.847,56.986],[8.778,56.798],[8.666,56.7],[8.507,56.647],[8.471,56.597],[8.183,56.798],[8.359,57.023],[8.534,57.141],[8.661,57.104],[8.96,57.132]]],[[[8.56,55.356],[8.481,55.349],[8.319,55.481],[8.214,55.399],[8.035,55.476],[8.125,55.636],[8.32,55.768],[8.317,55.849],[8.117,56.092],[8.183,56.431],[8.309,56.479],[8.675,56.358],[8.869,56.616],[9.003,56.657],[9.136,56.46],[9.312,56.481],[9.322,56.719],[9.37,56.882],[9.835,56.89],[10.216,56.85],[10.23,56.605],[10.314,56.469],[10.826,56.443],[10.889,56.369],[10.751,56.097],[10.496,56.034],[10.442,56.151],[10.293,56.137],[10.175,56.076],[10.23,55.951],[10.147,55.765],[10.007,55.73],[9.976,55.62],[9.69,55.605],[9.738,55.534],[9.813,55.547],[9.905,55.506],[10.31,55.617],[10.485,55.532],[10.418,55.447],[10.469,55.437],[10.6,55.483],[10.611,55.617],[10.634,55.61],[10.744,55.497],[10.828,55.307],[10.816,55.205],[10.74,55.067],[10.498,55.029],[10.153,55.084],[10.119,55.179],[10.006,55.193],[9.897,55.28],[9.811,55.437],[9.704,55.483],[9.63,55.459],[9.544,55.351],[9.518,55.129],[9.421,54.976],[9.496,54.938],[8.616,54.887],[8.645,55.069],[8.56,55.356]]],[[[11.285,55.189],[11.102,55.634],[11.296,55.675],[11.568,55.885],[11.728,55.662],[11.962,55.581],[12.053,55.703],[12.088,55.967],[12.238,55.988],[12.444,55.968],[12.469,55.711],[12.409,55.548],[12.158,55.379],[12.43,55.245],[12.077,54.995],[11.97,54.954],[11.767,55.176],[11.285,55.189]]],[[[-23.267,65.725],[-23.608,65.98],[-23.466,66.133],[-23.341,66.134],[-22.911,65.944],[-22.609,65.923],[-22.474,65.996],[-22.56,66.113],[-22.841,66.281],[-22.676,66.391],[-22.21,66.29],[-21.779,66.254],[-21.443,66.13],[-21.242,65.882],[-21.296,65.699],[-21.495,65.568],[-21.08,65.205],[-20.831,65.366],[-20.168,65.556],[-20.141,65.651],[-20.217,66.001],[-19.973,66.111],[-19.556,65.768],[-19.336,65.674],[-19.239,65.667],[-19.156,65.725],[-19.275,65.929],[-19.165,66.003],[-18.676,66.091],[-18.369,65.895],[-18.128,65.786],[-17.884,65.757],[-17.861,65.837],[-18.022,66.078],[-17.57,66.013],[-16.922,65.978],[-16.568,66.029],[-16.376,66.132],[-16.385,66.454],[-15.86,66.419],[-15.574,66.207],[-15.071,66.061],[-14.763,66.055],[-14.641,65.945],[-14.754,65.697],[-14.4,65.567],[-13.647,65.495],[-13.59,65.43],[-13.526,65.183],[-13.557,65.009],[-13.694,64.779],[-13.893,64.721],[-14.26,64.713],[-14.348,64.67],[-14.366,64.476],[-14.598,64.267],[-14.821,64.195],[-15.077,64.209],[-15.267,64.28],[-15.634,64.057],[-16.534,63.784],[-17.591,63.689],[-17.944,63.425],[-18.157,63.367],[-18.642,63.324],[-18.961,63.337],[-19.827,63.478],[-20.404,63.698],[-20.88,63.74],[-21.079,63.711],[-21.548,63.718],[-22.373,63.773],[-22.507,63.866],[-21.804,64.11],[-21.488,64.376],[-21.857,64.383],[-22.086,64.44],[-22.279,64.619],[-22.392,64.662],[-22.554,64.625],[-23.508,64.559],[-23.675,64.659],[-23.611,64.746],[-23.437,64.804],[-21.978,64.95],[-21.809,65.037],[-21.729,65.182],[-21.794,65.298],[-21.955,65.378],[-22.146,65.385],[-22.362,65.45],[-22.814,65.471],[-23.183,65.427],[-23.374,65.354],[-23.678,65.317],[-24.147,65.439],[-24.219,65.534],[-24.162,65.607],[-23.973,65.687],[-23.571,65.681],[-23.267,65.725]]],[[[14.799,55.282],[15.123,55.149],[15.15,55.089],[15.052,54.995],[14.68,55.1],[14.744,55.292],[14.799,55.282]]],[[[11.862,54.743],[11.844,54.669],[11.785,54.64],[11.588,54.664],[11.451,54.621],[10.995,54.783],[11.025,54.814],[11.014,54.89],[11.058,54.935],[11.24,54.957],[11.393,54.868],[11.564,54.822],[11.642,54.901],[11.862,54.743]]]]}},{"type":"Feature","properties":{"NAME":"Yugoslavia","ABBREVN":"Yugoslavia","SUBJECTO":"Yugoslavia","BORDERPRECISION":3,"PARTOF":"Yugoslavia"},"geometry":{"type":"MultiPolygon","coordinates":[[[[15.548,44.229],[15.286,44.329],[14.989,44.54],[14.907,44.723],[14.946,44.927],[14.624,45.275],[14.525,45.266],[14.604,45.646],[14.261,45.954],[14.141,46.433],[14.393,46.437],[14.522,46.369],[14.813,46.593],[15.068,46.642],[15.45,46.605],[15.584,46.694],[15.985,46.642],[15.947,46.818],[16.26,46.889],[16.396,46.623],[16.657,46.384],[17.292,46.109],[17.794,45.807],[18.056,45.763],[18.551,45.798],[19.507,46.127],[19.906,46.162],[20.315,46.132],[20.339,45.993],[20.595,45.912],[20.681,45.806],[20.772,45.79],[20.738,45.629],[20.785,45.576],[20.759,45.536],[21.079,45.325],[21.466,45.208],[21.497,45.144],[21.356,45.021],[21.546,44.958],[21.344,44.883],[21.367,44.809],[21.583,44.793],[21.592,44.708],[21.859,44.681],[22.133,44.511],[22.296,44.692],[22.41,44.75],[22.691,44.639],[22.742,44.58],[22.585,44.586],[22.441,44.495],[22.506,44.347],[22.694,44.263],[22.374,43.939],[22.293,43.804],[22.318,43.681],[22.915,43.176],[22.928,43.086],[22.792,42.951],[22.449,42.801],[22.338,42.665],[22.326,42.293],[22.386,42.197],[22.686,42.063],[22.847,41.891],[22.948,41.68],[22.946,41.455],[22.899,41.32],[22.92,41.231],[22.453,41.049],[22.01,41.091],[21.846,41.02],[21.668,40.826],[21.395,40.761],[21.032,40.727],[20.707,41.001],[20.573,41.301],[20.54,41.59],[20.599,41.782],[20.575,41.93],[20.073,42.486],[19.558,42.547],[19.435,42.425],[19.309,42.193],[19.369,42],[19.368,41.846],[19.143,41.932],[19.136,42],[18.91,42.218],[18.529,42.353],[18.001,42.694],[17.596,42.889],[17.075,43.223],[16.992,43.323],[16.64,43.39],[16.549,43.461],[16.367,43.513],[16.059,43.433],[15.913,43.652],[15.391,43.96],[15.446,44.232],[15.548,44.229]]]]}},{"type":"Feature","properties":{"NAME":"Italy","ABBREVN":"Italy","SUBJECTO":"Italy","BORDERPRECISION":3,"PARTOF":"Italy"},"geometry":{"type":"MultiPolygon","coordinates":[[[[8.417,39.212],[8.374,39.308],[8.465,39.64],[8.508,39.946],[8.488,40.209],[8.428,40.465],[8.202,40.663],[8.159,40.785],[8.241,40.855],[8.766,40.863],[9.306,41.184],[9.591,40.903],[9.794,40.564],[9.788,40.442],[9.696,40.314],[9.631,40.096],[9.698,39.693],[9.648,39.457],[9.479,39.144],[9.296,39.233],[9.063,39.22],[8.999,39.175],[8.931,39.054],[8.82,38.977],[8.696,38.996],[8.417,39.212]]],[[[13.868,37.157],[13.012,37.525],[12.637,37.582],[12.532,37.639],[12.454,37.766],[12.517,37.919],[12.664,38.072],[12.783,38.117],[13.066,38.067],[13.322,38.221],[13.628,38.03],[13.81,37.966],[14.134,37.973],[14.766,38.058],[15.387,38.206],[15.454,38.167],[15.473,38.11],[15.181,37.682],[15.112,37.459],[15.116,37.287],[15.301,37.058],[15.221,37],[15.027,36.745],[14.622,36.776],[14.216,37.049],[13.868,37.157]]],[[[13.438,45.638],[13.368,45.694],[13.156,45.727],[13.105,45.582],[12.899,45.558],[12.448,45.394],[12.483,45.462],[12.28,45.402],[12.251,45.29],[12.18,45.27],[12.176,45.214],[12.313,45.178],[12.322,45.042],[12.523,44.883],[12.476,44.787],[12.274,44.673],[12.345,44.301],[12.697,43.935],[13.601,43.535],[13.732,43.374],[13.792,43.123],[13.915,42.873],[14.093,42.61],[14.519,42.23],[14.72,42.142],[14.739,42.047],[14.922,41.972],[15.449,41.857],[16.013,41.904],[16.187,41.841],[16.198,41.746],[15.989,41.635],[15.873,41.502],[15.991,41.406],[16.946,41.094],[18.034,40.597],[18.06,40.514],[18.384,40.308],[18.523,40.094],[18.365,39.747],[18.017,39.948],[17.968,40.167],[17.85,40.243],[17.402,40.292],[17.204,40.398],[17.243,40.496],[17.084,40.525],[16.949,40.481],[16.728,40.184],[16.604,40.09],[16.624,39.968],[16.535,39.832],[16.532,39.698],[17.149,39.422],[17.107,39.28],[17.121,39.086],[17.181,39.022],[17.095,38.915],[16.798,38.926],[16.613,38.827],[16.522,38.725],[16.572,38.457],[16.331,38.321],[16.053,37.931],[15.785,37.91],[15.627,38.004],[15.627,38.233],[15.791,38.296],[15.933,38.54],[15.827,38.623],[15.99,38.735],[16.152,38.701],[16.212,38.778],[16.177,38.931],[16.083,39.012],[15.99,39.428],[15.825,39.661],[15.757,39.934],[15.666,40.092],[15.516,40.066],[15.432,39.989],[15.027,40.212],[14.899,40.241],[14.992,40.372],[14.951,40.551],[14.743,40.705],[14.334,40.594],[14.35,40.643],[14.495,40.73],[14.37,40.851],[14.24,40.853],[14.051,40.768],[13.942,40.998],[13.797,41.193],[13.498,41.302],[12.977,41.371],[12.642,41.531],[12.395,41.73],[11.963,42.005],[11.497,42.376],[11.105,42.549],[10.743,42.851],[10.488,43.236],[10.292,43.705],[10.137,43.905],[9.909,44.11],[9.692,44.22],[9.157,44.373],[8.897,44.437],[8.672,44.417],[8.186,44.126],[7.98,43.965],[7.553,43.867],[7.619,44.078],[7.591,44.205],[7.209,44.173],[6.87,44.349],[6.783,44.548],[6.925,44.715],[7.003,44.72],[6.943,44.869],[6.665,44.955],[6.507,45.116],[6.704,45.199],[6.786,45.149],[7.029,45.308],[7.119,45.43],[6.926,45.517],[6.914,45.648],[6.675,45.803],[6.955,45.939],[7.225,45.911],[7.507,46.003],[7.79,45.927],[7.914,45.999],[8.071,46.193],[8.025,46.289],[8.375,46.471],[8.382,46.284],[8.622,46.121],[8.762,46.089],[8.718,46.007],[8.891,45.866],[9.019,45.934],[9.027,46.175],[9.218,46.348],[9.21,46.498],[9.377,46.534],[9.441,46.375],[9.545,46.312],[9.642,46.325],[9.674,46.38],[9.885,46.403],[9.995,46.252],[10.097,46.439],[9.987,46.498],[10.024,46.621],[10.151,46.662],[10.23,46.589],[10.372,46.566],[10.389,46.653],[10.339,46.748],[10.396,46.887],[10.679,46.81],[10.948,46.795],[11.096,46.98],[11.261,47.023],[11.343,46.986],[11.543,47.035],[11.679,46.989],[12.064,47.091],[12.075,46.928],[12.218,46.884],[12.362,46.709],[13.569,46.51],[14.037,46.481],[14.141,46.433],[14.261,45.954],[14.604,45.646],[14.524,45.266],[14.354,45.323],[14.239,45.062],[14.175,45.01],[14.189,44.943],[14.06,44.895],[13.991,44.783],[13.895,44.759],[13.629,45.074],[13.506,45.499],[13.571,45.485],[13.595,45.523],[13.8,45.566],[13.673,45.715],[13.565,45.727],[13.438,45.638]]],[[[15.149,44.24],[15.446,44.232],[15.391,43.96],[15.149,44.24]]],[[[14.643,44.967],[14.428,45.086],[14.524,45.145],[14.558,45.248],[14.704,45.068],[14.813,44.988],[14.761,44.942],[14.643,44.967]]],[[[14.459,44.781],[14.475,44.701],[14.529,44.64],[14.493,44.606],[14.389,44.695],[14.365,44.798],[14.294,44.907],[14.297,44.932],[14.387,44.906],[14.393,44.956],[14.357,45.039],[14.275,45.103],[14.306,45.167],[14.37,45.151],[14.377,45.052],[14.476,44.96],[14.445,44.879],[14.459,44.781]]],[[[14.862,44.722],[14.847,44.702],[14.659,44.795],[14.727,44.797],[14.687,44.837],[14.745,44.847],[14.757,44.804],[14.862,44.722]]],[[[14.511,44.474],[14.367,44.59],[14.336,44.699],[14.395,44.681],[14.407,44.604],[14.531,44.498],[14.511,44.474]]]]}},{"type":"Feature","properties":{"NAME":"USSR","ABBREVN":"USSR","SUBJECTO":"USSR","BORDERPRECISION":3,"PARTOF":"USSR"},"geometry":{"type":"MultiPolygon","coordinates":[[[[31.408,62.792],[31.336,62.947],[31.14,63.124],[30.213,63.467],[30.015,63.616],[30.406,63.889],[30.432,64.003],[30.363,64.117],[29.784,64.744],[29.618,64.973],[29.631,65.14],[29.715,65.321],[29.913,65.562],[30.002,65.722],[29.654,66.26],[29.023,66.887],[29.171,67.021],[29.757,67.37],[29.946,67.534],[29.702,67.71],[29.268,67.938],[29.065,67.983],[32.223,69.616],[32.352,69.514],[32.596,69.424],[33.281,69.342],[33.316,69.071],[33.628,69.215],[35.437,69.15],[37.246,68.793],[37.689,68.63],[38.406,68.243],[38.668,68.146],[39.918,67.94],[40.826,67.66],[40.973,67.534],[40.951,67.335],[41.017,67.202],[41.209,67.069],[41.255,66.937],[41.147,66.782],[40.836,66.561],[40.345,66.319],[39.978,66.201],[39.19,66.039],[38.782,66.001],[38.048,66.007],[35.772,66.259],[34.153,66.63],[33.437,66.702],[33.158,66.914],[32.991,66.988],[32.644,67.046],[32.219,66.994],[32.425,66.891],[32.754,66.649],[32.971,66.583],[33.47,66.313],[33.844,66.182],[34.258,66.11],[34.544,66.001],[34.726,65.797],[34.726,65.615],[34.601,65.484],[34.293,65.396],[34.426,65.107],[34.773,64.682],[34.815,64.46],[34.885,64.367],[35.082,64.288],[36.015,64.197],[36.24,63.919],[36.421,63.876],[36.988,63.841],[37.411,63.749],[37.591,63.807],[37.945,63.85],[38.054,63.986],[38.054,64.129],[37.88,64.308],[37.668,64.343],[37.463,64.3],[37.262,64.314],[36.997,64.407],[36.569,64.765],[36.884,65.068],[37.102,65.068],[37.604,64.853],[39.193,64.511],[39.622,64.476],[39.997,64.541],[40.322,64.463],[40.44,64.564],[40.462,64.75],[40.366,64.858],[39.979,65.153],[39.823,65.436],[39.951,65.581],[41.354,65.955],[41.623,66.065],[42.133,66.388],[42.211,66.41],[43.241,66.251],[43.876,66.011],[44.029,66.011],[44.122,66.267],[44.384,66.612],[44.362,66.906],[44.219,67.09],[43.838,67.163],[43.704,67.266],[44.216,67.718],[44.261,67.83],[44.169,68.097],[43.822,68.327],[43.853,68.469],[44.012,68.492],[44.668,68.389],[45.58,68.443],[45.863,68.383],[46.162,68.108],[46.439,67.908],[46.634,67.701],[45.463,67.639],[45.093,67.542],[44.871,67.312],[44.957,67.231],[45.386,67.099],[45.715,66.85],[46.402,66.719],[47.571,66.816],[47.706,66.89],[47.953,67.377],[48.081,67.562],[48.635,67.652],[49.186,67.839],[50.496,68.153],[51.831,68.409],[52.245,68.545],[52.337,68.336],[52.463,68.299],[52.72,68.351],[52.939,68.471],[53.006,68.681],[53.179,68.756],[53.502,68.816],[53.889,68.787],[53.808,68.607],[53.782,68.338],[53.396,68.3],[53.316,68.233],[53.317,68.136],[53.626,68.048],[54.38,68.161],[54.576,68.161],[54.648,68.072],[54.752,68.05],[54.996,68.207],[55.126,68.401],[55.335,68.483],[55.723,68.536],[56.195,68.567],[56.54,68.553],[57.024,68.449],[57.364,68.457],[57.526,68.495],[57.959,68.705],[58.409,68.833],[58.77,68.856],[59.199,68.774],[59.346,68.7],[59.062,68.497],[59.12,68.393],[59.502,68.289],[59.762,68.297],[59.892,68.402],[59.925,68.581],[60.079,68.619],[60.512,68.59],[60.756,68.673],[60.934,68.815],[60.986,69.003],[60.369,69.468],[60.849,69.71],[61.03,69.741],[62.281,69.705],[63.923,69.459],[64.873,69.228],[65.355,69.183],[66.584,68.886],[68.215,68.201],[68.385,68.179],[68.488,68.224],[69.003,68.695],[69.109,68.83],[68.512,68.837],[68.258,68.941],[68.094,69.136],[68.106,69.429],[67.779,69.557],[66.884,69.623],[66.799,69.744],[66.828,69.819],[66.965,69.956],[67.383,70.139],[67.422,70.223],[67.398,70.599],[67.285,70.706],[66.775,70.736],[66.67,70.866],[66.818,71.105],[66.98,71.214],[67.155,71.23],[67.823,71.417],[68.316,71.635],[68.551,71.822],[68.812,72.095],[69.057,72.645],[69.343,72.834],[70.214,72.733],[71.663,72.831],[71.976,72.8],[72.455,72.824],[72.714,72.77],[72.853,72.644],[72.845,72.495],[72.655,72.118],[72.498,71.962],[71.898,71.587],[71.798,71.432],[72.136,71.278],[72.555,70.977],[72.68,70.824],[72.774,70.455],[72.696,70.356],[72.437,70.187],[72.551,69.656],[72.526,69.069],[72.643,68.807],[72.846,68.635],[73.309,68.517],[73.394,68.442],[73.394,68.382],[73.175,68.166],[72.988,67.794],[72.838,67.646],[71.93,67.156],[71.647,67.067],[71.4,66.949],[71.544,66.714],[70.84,66.551],[70.121,66.719],[69.792,66.755],[69.355,66.739],[69.085,66.688],[69.173,66.548],[69.435,66.424],[69.767,66.33],[70.983,66.2],[71.26,66.223],[71.794,66.158],[72.209,66.173],[72.421,66.335],[72.557,66.496],[73.165,66.644],[73.69,66.865],[73.811,66.99],[73.985,67.263],[74.353,67.404],[74.742,67.686],[74.771,67.849],[74.669,68.102],[74.395,68.347],[74.505,68.593],[74.612,68.639],[74.916,68.706],[75.537,68.775],[76.328,68.776],[76.661,68.672],[77.04,68.464],[77.108,68.114],[76.955,67.653],[77.091,67.528],[77.505,67.432],[78.089,67.411],[78.478,67.479],[78.536,67.612],[77.946,67.774],[77.689,67.758],[77.483,67.803],[77.514,67.973],[77.978,68.145],[78.007,68.257],[77.909,68.324],[77.636,68.816],[77.406,68.936],[75.598,69.21],[74.902,69.081],[74.318,69.163],[73.915,69.154],[73.908,69.275],[73.654,69.756],[73.791,70.052],[74.122,70.366],[74.25,70.573],[74.189,70.673],[73.698,71.141],[73.271,71.373],[73.217,71.458],[73.591,71.707],[74.137,71.755],[74.587,71.872],[74.921,72.029],[74.999,72.13],[75.075,72.42],[75.016,72.719],[75.617,72.625],[75.666,72.414],[75.583,72.171],[75.297,71.897],[75.221,71.648],[75.284,71.446],[75.452,71.322],[75.671,71.199],[77.002,71.063],[77.736,71.025],[78.105,70.841],[78.609,70.85],[78.372,71.251],[78.137,71.374],[76.866,71.449],[76.607,71.518],[76.333,71.72],[76.457,71.868],[77.075,71.892],[77.275,71.815],[77.79,71.777],[78.126,71.848],[78.086,72.175],[78.647,72.262],[79.223,72.271],[80.339,72.008],[80.828,71.767],[81.425,71.613],[81.671,71.574],[82.491,71.568],[82.818,71.646],[82.88,71.491],[82.215,71.204],[82.104,70.856],[82.046,70.419],[82.196,70.358],[82.502,70.711],[82.675,70.842],[82.804,70.819],[83.076,70.582],[83.036,70.245],[83.677,70.46],[83.657,70.598],[83.571,70.652],[83.505,70.813],[83.168,71.182],[83.561,71.624],[83.202,71.826],[82.436,72.051],[82.321,72.222],[82.026,72.245],[81.585,72.354],[80.982,72.447],[80.844,72.58],[80.872,72.84],[80.829,73.014],[80.464,73.314],[80.501,73.425],[80.62,73.496],[80.838,73.553],[81.877,73.602],[83.02,73.612],[83.977,73.67],[84.616,73.743],[84.829,73.6],[85.001,73.576],[85.856,73.825],[86.492,73.874],[86.757,73.787],[86.326,73.634],[86.124,73.451],[86.905,73.556],[87.14,73.604],[87.57,73.772],[87.691,73.9],[87.541,74.1],[87.394,74.179],[86.978,74.299],[86.814,74.435],[86.813,74.54],[86.958,74.782],[87.487,74.961],[87.922,75.06],[89.285,75.466],[90,75.559],[90,75.602],[91.635,75.653],[93.592,75.881],[94.694,76.184],[95.967,76.169],[96.139,76.086],[95.982,75.902],[96.658,75.853],[97.116,75.871],[98.289,76.057],[98.716,76.074],[99.467,75.967],[99.779,76.059],[99.833,76.21],[99.774,76.285],[99.983,76.437],[100.407,76.471],[100.83,76.455],[101.389,76.625],[101.112,76.853],[101.166,77.006],[101.69,77.203],[102.39,77.375],[103.393,77.558],[103.947,77.592],[105.063,77.569],[105.45,77.449],[105.47,77.329],[104.782,77.149],[104.485,76.995],[104.705,76.928],[105.528,76.98],[106.243,76.913],[107.16,76.949],[107.24,76.898],[107.071,76.771],[106.537,76.567],[106.404,76.432],[107.666,76.443],[107.771,76.401],[108.244,76.646],[109.656,76.691],[109.94,76.633],[110.548,76.642],[111.427,76.568],[112.057,76.451],[112.589,76.259],[112.822,76.059],[113.533,76.094],[113.723,75.869],[113.113,75.494],[113.625,75.273],[112.577,74.886],[112.111,74.78],[111.587,74.731],[108.34,73.691],[107.266,73.522],[106.208,73.259],[105.279,72.752],[105.6,72.744],[106.087,72.855],[106.502,73.061],[107.25,73.134],[107.804,73.143],[109.991,73.44],[110.442,73.568],[110.4,73.743],[110.178,73.798],[110.163,73.83],[110.29,73.942],[110.551,74.038],[110.944,73.943],[111.215,73.768],[111.495,73.745],[111.762,73.658],[112.093,73.635],[112.477,73.659],[112.997,73.78],[113.222,73.748],[113.308,73.613],[113.312,73.383],[113.547,73.201],[114.187,73.551],[114.934,73.56],[115.611,73.625],[116.671,73.619],[117.535,73.549],[118.46,73.519],[118.338,73.186],[118.498,73.036],[120.579,72.835],[122.243,72.909],[122.882,72.753],[123.515,73.172],[123.41,73.481],[124.222,73.697],[124.457,73.705],[124.818,73.658],[125.717,73.398],[127.72,73.402],[128.499,73.126],[128.525,72.952],[127.314,72.714],[126.216,72.382],[126.111,72.28],[126.225,72.249],[127.121,72.212],[127.418,72.142],[128.17,71.832],[128.432,71.755],[129.355,71.176],[130.172,70.815],[130.779,70.678],[131.055,70.687],[131.413,70.864],[132.284,71.661],[132.554,71.809],[132.684,71.801],[132.791,71.592],[133.138,71.453],[133.744,71.323],[134.241,71.262],[134.623,71.301],[135.511,71.512],[135.861,71.543],[136.227,71.513],[136.765,71.406],[137.63,71.075],[137.855,71.13],[138.076,71.246],[138.175,71.362],[138.114,71.385],[138.119,71.47],[138.446,71.61],[138.675,71.618],[138.9,71.503],[139.159,71.418],[139.744,71.404],[139.826,71.628],[139.739,71.838],[139.806,72.001],[139.848,72.236],[139.339,72.164],[139.05,72.164],[138.969,72.211],[139.168,72.344],[139.312,72.383],[140.215,72.432],[140.589,72.495],[141.294,72.787],[141.408,72.787],[142.2,72.679],[144.562,72.456],[145.6,72.426],[144.82,72.143],[145.21,72.121],[145.665,72.161],[145.815,72.098],[145.678,71.927],[144.881,71.723],[144.801,71.591],[145.1,71.576],[145.746,71.694],[146.186,71.842],[146.915,72.202],[148.698,72.166],[149.53,72.027],[149.722,71.895],[148.711,71.629],[149.715,71.438],[150.694,71.347],[151.119,71.255],[151.48,71.086],[151.645,70.894],[151.899,70.733],[152.134,70.664],[153.404,70.728],[155.049,70.939],[156.043,70.987],[157.396,70.928],[158.409,70.814],[159.229,70.547],[159.466,70.395],[159.628,70.22],[159.573,69.999],[159.444,69.765],[159.673,69.652],[160.682,69.578],[160.674,69.27],[160.862,69.083],[161.171,69.159],[161.416,69.354],[162.118,69.559],[162.275,69.536],[163.038,69.545],[163.722,69.674],[164.054,69.66],[164.318,69.465],[164.636,69.413],[166.309,69.378],[166.7,69.432],[167.32,69.659],[168.1,69.232],[168.592,69.112],[168.986,68.963],[169.113,68.784],[169.389,68.717],[170.089,68.779],[170.833,68.922],[170.905,69.034],[170.431,69.559],[170.056,69.611],[170.236,69.762],[170.452,70.019],[172.359,69.909],[172.908,69.835],[173.008,69.692],[173.637,69.761],[174.574,69.785],[175.611,69.779],[176.192,69.713],[177.079,69.534],[177.705,69.49],[178.629,69.259],[178.965,69.229],[180,68.92],[180,64.953],[179.309,64.786],[179.016,64.773],[178.726,64.606],[178.004,64.548],[177.427,64.607],[177.374,64.761],[177.251,64.856],[177.026,64.844],[177.135,64.927],[176.712,64.782],[176.332,64.773],[176.18,64.868],[175.965,64.904],[176.156,64.678],[175.9,64.547],[176.468,64.409],[176.753,64.571],[176.931,64.553],[177.082,64.517],[177.082,64.303],[177.193,64.21],[177.535,64.09],[178.011,64.192],[177.813,64.047],[178.147,64.157],[178.177,64.005],[178.288,63.913],[178.403,63.664],[178.078,63.429],[178.344,63.458],[178.501,63.38],[178.714,63.154],[178.939,63.083],[179.004,62.97],[178.932,62.765],[179.288,62.815],[179.232,62.639],[179.242,62.526],[179.049,62.391],[178.738,62.299],[178.452,62.32],[178.25,62.383],[177.291,62.487],[177.135,62.55],[177.19,62.67],[176.832,62.676],[176.549,62.38],[175.173,61.969],[174.542,61.891],[174.349,61.799],[174.25,61.715],[173.927,61.616],[173.481,61.601],[173.343,61.552],[173.126,61.369],[172.918,61.278],[172.492,61.263],[172.108,60.983],[172,60.858],[171.248,60.654],[171.072,60.452],[170.337,60.277],[170.268,60.145],[170.273,60.013],[170.06,59.882],[169.877,59.875],[169.614,60.012],[169.456,60.296],[169.154,60.435],[168.671,60.455],[168.211,60.433],[167.104,60.271],[166.868,60.173],[166.027,59.709],[165.945,59.771],[166.203,60.353],[165.956,60.311],[165.78,60.354],[165.415,60.115],[164.933,59.962],[164.882,59.734],[164.585,59.665],[164.442,59.74],[164.328,59.961],[164.111,60.078],[163.65,59.792],[163.767,59.884],[163.389,59.814],[163.106,59.579],[163.043,59.462],[163.1,59.359],[163.255,59.29],[162.835,59.056],[162.753,58.966],[162.907,58.891],[162.22,58.486],[161.938,58.259],[161.804,58.102],[161.8,57.863],[161.989,57.72],[162.204,57.679],[162.826,57.701],[163.078,57.626],[163.128,57.552],[162.932,57.374],[162.593,57.17],[162.512,57.033],[162.744,56.6],[163.098,56.56],[163.172,56.384],[163.166,56.106],[163.009,55.944],[162.771,55.917],[162.555,56.011],[162.547,56.105],[162.722,56.342],[162.522,56.349],[162.318,56.24],[161.861,55.861],[161.609,55.557],[161.503,55.287],[161.647,54.985],[161.939,54.845],[162.008,54.738],[161.876,54.564],[161.567,54.423],[161.136,54.409],[160.683,54.448],[160.404,54.368],[160.027,54.153],[159.695,53.859],[159.633,53.706],[159.683,53.579],[159.905,53.4],[159.922,53.3],[159.897,53.241],[159.592,53.134],[159.32,53.126],[158.461,52.826],[158.432,52.713],[158.462,52.587],[158.39,52.203],[158.258,52.017],[157.898,51.666],[157.21,51.229],[156.696,50.958],[156.564,51.234],[156.475,51.604],[156.362,51.914],[156.333,52.272],[156.175,52.609],[156.038,52.781],[155.942,53.193],[155.711,53.805],[155.707,54.065],[155.63,54.465],[155.465,54.92],[155.453,55.276],[155.506,55.64],[155.628,56.268],[155.703,56.37],[156.236,56.757],[156.558,56.947],[156.878,57.363],[156.839,57.506],[156.777,57.58],[157.511,57.745],[157.962,57.883],[158.326,58.027],[159.104,58.425],[159.393,58.61],[159.586,58.803],[159.649,58.954],[160.844,59.554],[161.535,59.942],[161.701,60.074],[161.818,60.268],[162.381,60.464],[163.329,60.695],[163.445,60.89],[163.793,61.128],[163.831,61.233],[163.576,61.33],[163.942,61.737],[163.926,61.955],[164.008,62.131],[164.277,62.223],[165.286,62.288],[165.067,62.436],[164.138,62.533],[163.34,62.411],[162.99,62.326],[163.009,62.178],[162.711,61.763],[162.767,61.672],[162.749,61.609],[162.235,61.51],[161.536,61.187],[160.645,60.718],[160.119,60.564],[160.007,60.591],[160.077,60.738],[160.236,60.947],[159.816,60.981],[159.744,61.1],[159.857,61.302],[160.056,61.513],[160.149,61.66],[160.118,61.751],[159.966,61.765],[159.455,61.561],[159.231,61.546],[159.106,61.707],[158.841,61.784],[157.098,61.633],[156.825,61.563],[156.423,61.401],[156.381,61.205],[156.418,61.121],[155.667,60.778],[155.734,60.555],[155.152,60.394],[154.693,60.199],[154.316,59.983],[154.092,59.776],[153.943,59.569],[153.944,59.397],[154.182,59.301],[154.753,59.281],[154.906,59.103],[154.387,59.04],[153.924,58.922],[153.454,58.949],[153.14,59.01],[152.968,58.996],[152.504,58.769],[152.191,58.926],[151.691,58.753],[151.354,58.691],[151.135,58.732],[151.007,58.793],[151.056,58.924],[151.857,59.056],[151.524,59.344],[151.14,59.44],[150.663,59.432],[150.279,59.362],[150.12,59.389],[149.73,59.595],[149.38,59.608],[149.045,59.587],[148.728,59.476],[148.747,59.297],[148.63,59.194],[148.416,59.097],[147.919,59.261],[147,59.191],[146.307,59.286],[146.054,59.251],[145.957,58.983],[145.653,58.975],[145.513,59.037],[145.496,59.209],[145.404,59.326],[144.846,59.283],[144.39,59.31],[143.303,59.267],[142.927,59.28],[142.358,59.141],[141.924,58.941],[141.591,58.728],[141.35,58.501],[140.587,58.239],[140.029,57.644],[138.867,57.124],[138.346,56.804],[137.229,55.983],[136.521,55.59],[135.27,55.029],[134.985,54.854],[134.894,54.72],[134.902,54.559],[135.095,54.433],[135.726,54.407],[136.196,54.475],[136.492,54.455],[136.344,53.888],[136.351,53.701],[136.487,53.655],[136.77,53.695],[137.041,53.862],[137.383,53.81],[137.122,53.589],[137.071,53.489],[137.239,53.457],[137.979,53.465],[138.234,53.572],[138.409,53.805],[138.417,54.092],[139.378,54.08],[139.806,53.961],[140.102,53.802],[140.321,53.536],[140.702,53.277],[140.894,53.197],[141.121,53.052],[141.09,52.985],[140.828,52.825],[141.032,52.726],[141.091,52.587],[140.939,52.262],[141.161,52.209],[141.257,52.103],[141.126,51.872],[140.73,51.441],[140.405,50.827],[140.323,50.518],[140.457,50.104],[140.328,49.358],[140.081,48.503],[139.214,47.811],[139.047,47.615],[138.949,47.322],[138.352,46.873],[137.985,46.269],[137.721,45.997],[136.494,44.966],[136.285,44.753],[136.179,44.547],[136.034,44.398],[135.693,44.224],[135.415,44.037],[134.962,43.515],[134.569,43.212],[134.139,42.993],[132.953,42.67],[132.827,42.862],[132.594,42.9],[132.485,42.88],[132.333,42.964],[132.182,43.195],[131.883,43.072],[131.675,43.027],[131.865,43.29],[131.584,43.213],[131.065,42.749],[130.435,42.277],[130.36,42.454],[130.226,42.651],[130.84,42.885],[131.069,43.079],[131.14,43.227],[131.089,43.361],[131.133,43.419],[131.147,43.868],[131.118,44.163],[130.969,44.567],[130.991,44.817],[131.74,45.259],[131.918,45.241],[132.531,45.032],[132.778,44.988],[132.989,45.144],[133.385,45.649],[133.667,46.135],[133.909,46.614],[134.165,47.335],[134.717,47.694],[134.71,47.921],[134.628,48.213],[134.518,48.264],[134.112,48.249],[133.58,48.155],[132.969,48.016],[132.269,47.778],[130.925,47.732],[130.807,47.933],[130.476,48.9],[130.384,48.964],[129.187,49.342],[128.501,49.456],[127.94,49.609],[127.712,49.699],[127.516,49.874],[127.099,50.731],[126.676,51.445],[126.186,52.518],[125.853,52.947],[125.509,53.157],[125.267,53.169],[124.643,53.112],[124.336,53.197],[123.869,53.413],[123.353,53.51],[121.188,53.32],[120.702,53.185],[119.997,52.704],[119.943,52.591],[120.313,52.626],[120.564,52.614],[120.773,52.476],[120.821,52.364],[120.746,52.007],[120.129,51.733],[119.86,51.488],[119.182,50.702],[119.137,50.59],[119.164,50.524],[119.322,50.368],[119.346,50.23],[119.291,50.125],[118.94,49.972],[117.842,49.634],[117.491,49.586],[116.984,49.845],[116.566,50.006],[116.286,49.998],[115.734,49.864],[115.347,49.94],[115.194,49.998],[114.856,50.226],[114.523,50.296],[114.098,50.274],[113.574,50.055],[113.235,49.831],[113.033,49.654],[112.524,49.462],[111.378,49.319],[110.2,49.241],[109.424,49.296],[108.424,49.518],[108.058,49.686],[107.549,49.827],[106.668,50.314],[106.323,50.417],[105.155,50.443],[104.797,50.409],[103.681,50.166],[103.378,50.217],[102.639,50.456],[102.45,50.606],[102.266,50.809],[102.184,51.026],[102.182,51.269],[102.117,51.361],[101.772,51.425],[101.011,51.672],[99.758,51.903],[99.295,51.946],[98.918,52.037],[98.347,51.605],[97.94,51.227],[97.895,51.095],[98.08,50.708],[98.258,50.571],[98.31,50.479],[98.236,50.242],[97.902,49.985],[97.423,49.786],[97.17,49.778],[96.77,49.914],[95.671,49.98],[95.014,49.976],[94.7,50.027],[94.21,50.549],[93.008,50.641],[92.16,50.755],[91.782,50.674],[91.102,50.46],[90,50.307],[90,50.128],[89.796,49.816],[89.462,49.639],[89.191,49.573],[88.567,49.537],[88.297,49.444],[87.938,49.253],[87.758,49.2],[87.152,49.177],[86.908,49.11],[86.783,48.992],[86.762,48.653],[86.624,48.555],[85.954,48.486],[85.762,48.361],[85.609,48.1],[85.653,47.762],[85.749,47.445],[85.678,47.269],[85.478,47.093],[84.967,47.019],[84.336,47.054],[83.252,47.295],[83.06,47.067],[82.501,45.923],[82.44,45.735],[82.72,45.504],[82.777,45.375],[82.706,45.265],[82.602,45.2],[82.425,45.167],[81.915,45.274],[81.69,45.357],[80.237,45.123],[80.06,45.038],[79.963,44.902],[79.932,44.805],[80.037,44.722],[80.202,44.749],[80.42,44.686],[80.433,44.075],[80.719,43.594],[80.772,43.382],[80.673,43.234],[80.355,42.989],[80.211,42.808],[80.202,42.628],[80.279,42.154],[80.256,42.084],[80.109,42],[78.871,41.679],[78.688,41.543],[78.401,41.228],[78.111,41.073],[77.689,41.019],[77.128,41.125],[77.02,41.112],[76.811,40.899],[76.602,40.546],[76.482,40.437],[75.856,40.312],[75.701,40.337],[75.592,40.624],[75.43,40.61],[74.648,40.28],[73.885,39.88],[73.827,39.784],[73.76,39.42],[73.77,38.956],[73.677,38.856],[73.712,38.719],[73.858,38.542],[74.067,38.562],[74.169,38.634],[74.58,38.59],[74.703,38.521],[74.836,38.299],[74.844,38.06],[74.913,38.055],[74.935,38],[74.878,37.807],[74.988,37.701],[74.92,37.539],[75.01,37.466],[74.929,37.382],[74.893,37.27],[74.733,37.209],[74.256,37.302],[74.137,37.37],[73.883,37.268],[73.445,37.202],[73.383,37.228],[73.441,37.307],[73.352,37.342],[73.047,37.328],[72.714,37.186],[72.448,36.968],[72.183,36.939],[71.848,36.716],[71.524,36.714],[71.467,36.752],[71.303,37.17],[71.387,37.37],[71.444,37.834],[71.367,37.918],[71.149,37.876],[71.22,38.145],[70.961,38.347],[70.719,38.365],[70.59,38.292],[70.53,38.129],[70.334,37.936],[70.315,37.63],[70.221,37.528],[70.022,37.457],[69.698,37.531],[69.567,37.505],[69.534,37.422],[69.537,37.282],[69.308,37.084],[69.136,37.076],[68.853,37.183],[68.707,37.182],[68.184,36.899],[67.965,36.834],[67.856,36.853],[67.622,37.157],[67.515,37.214],[66.677,37.241],[65.979,37.358],[65.725,37.49],[65.524,37.33],[65.337,37.24],[64.826,37.148],[64.632,36.784],[64.541,36.338],[64.494,36.281],[64.266,36.171],[63.117,35.789],[63.063,35.7],[63.063,35.49],[62.964,35.401],[62.678,35.265],[62.437,35.251],[62.179,35.288],[61.73,35.445],[61.308,35.531],[61.186,35.594],[61.119,35.905],[61.097,36.542],[61.014,36.637],[60.346,36.607],[59.24,37.448],[58.972,37.599],[58.675,37.674],[58.095,37.728],[57.407,37.992],[57.225,38.188],[56.517,38.261],[56.363,38.202],[56.131,38.048],[55.356,38.038],[55.17,37.973],[54.956,37.825],[54.676,37.531],[54.467,37.396],[54.214,37.337],[54.015,37.348],[53.88,38.025],[53.937,38.159],[53.937,38.571],[54.071,38.897],[54.033,38.993],[53.775,39.136],[53.66,39.318],[53.334,39.385],[53.248,39.299],[53.209,39.405],[53.315,39.567],[53.372,39.52],[53.545,39.539],[53.794,39.491],[53.813,39.548],[53.669,39.644],[53.554,39.654],[53.516,39.778],[53.688,39.979],[53.506,39.998],[53.363,39.96],[53.19,39.96],[53.047,39.998],[52.989,39.931],[52.845,40.18],[52.826,40.468],[52.903,40.563],[53.056,41.052],[53.257,40.765],[53.439,40.803],[53.612,40.745],[53.66,40.813],[53.65,40.88],[53.698,40.88],[53.765,40.87],[53.842,40.64],[54.11,40.678],[54.225,40.726],[54.416,40.659],[54.455,40.717],[54.387,40.803],[54.368,40.899],[54.455,40.918],[54.502,40.851],[54.608,40.813],[54.818,40.88],[54.828,40.985],[54.751,41.138],[54.167,41.483],[54.119,41.78],[54.024,41.857],[54.024,42.048],[53.985,42.106],[53.736,42.134],[53.267,42.086],[53.066,42.029],[52.98,41.904],[52.941,41.77],[52.999,41.684],[52.932,41.378],[52.97,41.138],[52.855,41.387],[52.692,41.531],[52.711,41.607],[52.683,41.694],[52.559,41.758],[52.601,41.938],[52.52,42.073],[52.673,42.279],[52.736,42.423],[52.754,42.558],[52.835,42.648],[52.763,42.756],[52.583,42.828],[52.376,42.801],[52.295,42.873],[52.07,42.828],[51.738,43.179],[51.423,43.17],[51.459,43.385],[51.369,43.556],[51.261,43.61],[51.171,43.718],[50.955,44.204],[50.389,44.294],[50.326,44.365],[50.335,44.563],[50.407,44.617],[50.542,44.644],[50.874,44.626],[51.333,44.482],[51.576,44.554],[51.189,44.77],[51.099,44.878],[51.216,45.04],[51.342,45.058],[51.378,45.175],[51.513,45.373],[51.63,45.355],[51.845,45.436],[51.998,45.382],[52.61,45.4],[53.284,45.328],[53.059,45.453],[52.844,45.507],[52.835,45.642],[53.149,45.957],[53.257,46.317],[53.122,46.497],[53.167,46.586],[53.284,46.676],[53.23,46.73],[53.185,46.865],[53.023,46.919],[52.556,46.982],[52.376,46.874],[52.142,46.838],[51.935,46.892],[51.791,47.009],[51.369,47.09],[51.117,47.063],[50.82,46.919],[50.632,46.91],[50.272,46.685],[49.948,46.56],[49.535,46.542],[49.238,46.263],[49.058,46.137],[48.833,46.083],[48.833,45.921],[48.77,45.885],[48.635,45.975],[48.303,45.768],[47.871,45.678],[47.673,45.75],[47.628,45.732],[47.601,45.66],[47.655,45.543],[47.556,45.453],[47.17,44.86],[46.873,44.68],[46.81,44.536],[46.846,44.446],[46.999,44.356],[47.143,44.339],[47.224,44.204],[47.332,44.186],[47.565,43.844],[47.493,43.583],[47.52,43.511],[47.664,43.853],[47.736,43.862],[47.673,43.664],[47.574,43.502],[47.601,43.322],[47.655,43.277],[47.583,43.188],[47.565,43.008],[47.79,42.855],[47.844,42.621],[47.97,42.594],[48.222,42.279],[48.42,42.091],[48.5,41.929],[48.662,41.902],[48.683,41.836],[48.892,41.687],[48.999,41.517],[49.244,41.293],[49.286,41.059],[49.35,40.953],[49.605,40.762],[49.605,40.687],[49.807,40.581],[50.02,40.602],[50.19,40.57],[50.424,40.411],[50.467,40.325],[50.467,40.262],[50.307,40.325],[50.031,40.347],[49.914,40.325],[49.85,40.272],[49.669,40.24],[49.573,40.176],[49.541,39.879],[49.403,39.485],[49.499,39.379],[49.488,39.294],[49.382,39.326],[49.339,39.283],[49.275,39.017],[49.222,39.038],[49.18,39.145],[49.116,39.187],[49.041,39.145],[49.02,39.006],[49.052,38.932],[48.946,38.836],[48.988,38.719],[48.825,38.31],[48.501,38.452],[48.38,38.445],[48.22,38.64],[48.052,38.687],[47.993,38.85],[48.233,38.972],[48.275,39.072],[48.082,39.151],[48.07,39.235],[48.353,39.293],[48.395,39.363],[48.368,39.414],[48.149,39.508],[47.854,39.71],[47.172,39.383],[47.004,39.182],[46.716,39.098],[46.454,38.836],[46.284,38.822],[46.167,38.882],[45.749,38.877],[45.559,38.933],[45.409,39.028],[45.276,39.209],[45.029,39.309],[44.783,39.668],[44.448,39.96],[43.812,40.014],[43.685,40.109],[43.67,40.295],[43.859,40.66],[43.847,40.75],[43.489,41.075],[42.878,41.546],[42.694,41.564],[42.25,41.369],[41.484,41.437],[41.666,41.729],[41.652,42.121],[41.503,42.608],[41.41,42.788],[41.123,43.019],[40.969,43.077],[40.557,43.147],[40.252,43.268],[38.924,44.212],[38.556,44.385],[38.277,44.423],[38.109,44.494],[37.88,44.719],[37.774,44.745],[37.622,44.673],[37.474,44.692],[37.318,44.924],[36.96,45.227],[37.228,45.312],[37.661,45.345],[37.706,45.578],[37.99,46.007],[38.227,46.02],[38.459,46.079],[38.265,46.319],[37.97,46.441],[37.757,46.603],[37.867,46.655],[38.401,46.721],[38.723,46.878],[39.282,47.074],[39.16,47.269],[37.859,47.104],[37.422,47.077],[37.193,46.894],[36.865,46.809],[36.354,46.776],[35.851,46.664],[35.624,46.521],[35.416,46.495],[35.212,46.637],[35.046,46.358],[34.907,46.273],[34.064,46.265],[33.839,46.193],[35.008,45.612],[35.032,45.534],[34.99,45.45],[35.063,45.34],[35.317,45.321],[35.85,45.445],[36.323,45.44],[36.521,45.388],[36.415,45.272],[36.367,45.161],[36.265,45.097],[35.865,45.031],[35.6,45.102],[35.387,45.082],[35.067,44.862],[34.614,44.841],[34.372,44.757],[34.135,44.537],[34.014,44.492],[33.66,44.524],[33.395,44.6],[33.559,44.936],[33.517,45.124],[33.398,45.253],[33.013,45.381],[32.575,45.361],[32.503,45.445],[32.902,45.673],[33.639,45.927],[33.528,46.134],[33.333,46.166],[32.516,46.126],[32.202,46.17],[32.114,46.216],[31.926,46.41],[32.189,46.592],[31.951,46.865],[31.781,46.702],[31.538,46.701],[30.833,46.577],[30.433,46.176],[30.066,46.28],[29.427,46.816],[29.116,47.283],[28.908,47.818],[28.387,48.105],[28.387,48.139],[28.302,48.133],[28.359,48.201],[28.347,48.23],[28.115,48.218],[28.013,48.309],[27.882,48.338],[27.723,48.434],[27.648,48.752],[27.486,48.752],[27.486,48.671],[27.108,48.833],[27.108,48.644],[26.989,48.681],[26.947,49.111],[27.001,49.677],[26.947,50.324],[27.486,50.836],[27.405,51.483],[27.27,51.726],[27.324,52.319],[27.082,52.912],[27.093,53.04],[26.604,53.052],[26.715,54.34],[27.505,54.703],[27.675,55.123],[27.729,55.501],[27.58,55.781],[27.611,55.874],[27.765,56.028],[27.866,56.043],[27.92,56.097],[28.136,56.14],[28.19,56.251],[28.15,56.356],[28.157,56.441],[28.098,56.493],[28.124,56.533],[27.987,56.598],[27.974,56.67],[27.862,56.742],[27.908,56.814],[27.777,56.873],[27.62,56.84],[27.718,56.958],[27.705,57.011],[27.738,57.07],[27.679,57.109],[27.81,57.161],[27.836,57.292],[27.509,57.423],[27.515,57.528],[27.349,57.526],[27.312,57.574],[27.365,57.6],[27.384,57.692],[27.443,57.692],[27.509,57.79],[27.777,57.869],[27.672,57.915],[27.646,58.052],[27.515,58.124],[27.437,58.229],[27.437,58.308],[27.515,58.367],[27.397,58.792],[27.437,58.864],[27.672,58.982],[27.771,59.074],[27.875,59.257],[28.131,59.297],[28.15,59.375],[28.013,59.458],[27.973,59.517],[27.897,59.534],[27.942,59.648],[28.094,59.665],[28.163,59.591],[28.266,59.562],[28.351,59.602],[28.309,59.664],[28.444,59.734],[28.663,59.644],[28.796,59.672],[28.936,59.825],[29.076,59.908],[29.414,59.86],[29.765,59.736],[29.963,59.737],[30.127,59.806],[29.953,59.986],[29.687,60.131],[28.969,60.109],[28.668,60.159],[32.835,61.6],[31.37,62.645],[31.408,62.792]]],[[[142.017,51.431],[141.643,51.813],[141.598,52.217],[141.811,52.628],[141.841,52.96],[141.69,53.166],[141.767,53.272],[142.214,53.3],[142.675,53.54],[142.864,53.341],[143.057,53.062],[143.139,52.856],[143.143,52.511],[143.033,52.312],[142.945,51.961],[142.944,51.617],[143.074,51.268],[143.341,50.886],[143.751,50.023],[142.084,50.01],[142.085,50.304],[142.153,50.89],[142.112,51.22],[142.017,51.431]]],[[[56.265,73.515],[55.757,73.577],[54.994,73.536],[54.664,73.472],[54.479,73.519],[54.018,73.734],[54.894,74.063],[55.188,74.104],[55.885,74.105],[55.946,74.265],[55.619,74.417],[55.776,74.539],[55.965,74.603],[56.269,74.612],[56.652,74.693],[56.303,74.871],[56.995,75.273],[57.226,75.331],[57.327,75.298],[57.729,75.291],[58.17,75.532],[58.559,75.682],[59.018,75.799],[60.043,75.918],[60.617,75.894],[60.949,75.961],[61.303,76.238],[61.426,76.23],[61.819,76.289],[62.593,76.165],[63.673,76.326],[65.926,76.507],[66.273,76.762],[66.442,76.83],[68.457,76.927],[68.668,76.868],[68.867,76.766],[68.937,76.606],[68.571,76.394],[67.722,76.175],[66.548,75.98],[64.6,75.76],[62.661,75.499],[61.833,75.357],[60.887,75.247],[60.463,75.156],[60.334,75.033],[60.623,74.935],[60.009,74.675],[58.851,74.689],[58.656,74.608],[58.603,74.504],[58.882,74.391],[58.733,74.287],[58.191,74.085],[58.009,74.149],[57.671,74.188],[57.405,74.052],[57.799,73.924],[57.823,73.781],[57.33,73.485],[56.96,73.357],[56.265,73.515]]]]}},{"type":"Feature","properties":{"NAME":"Syria (France)","ABBREVN":"Syria","SUBJECTO":"France","BORDERPRECISION":3,"PARTOF":"Syria (France)"},"geometry":{"type":"MultiPolygon","coordinates":[[[[35.866,32.746],[35.688,32.711],[35.665,32.758],[35.677,32.895],[35.587,32.953],[35.473,33.119],[35.433,33.101],[35.399,32.938],[35.239,32.907],[35.208,32.951],[35.139,32.962],[34.972,32.938],[35.089,33.069],[35.132,33.232],[35.356,33.64],[35.349,33.744],[35.43,33.744],[35.492,33.831],[35.532,34.119],[35.716,34.312],[35.821,34.344],[35.873,34.422],[35.751,34.747],[35.809,35.014],[35.841,35.043],[35.796,35.271],[35.607,35.418],[35.664,35.459],[35.733,35.585],[35.691,35.685],[35.74,35.69],[35.856,35.835],[35.719,36.092],[35.665,36.134],[35.817,36.301],[36.095,36.482],[36.082,36.622],[35.962,36.743],[36.934,38.725],[39.351,39.071],[40.197,38.268],[40.862,38.056],[41.357,37.829],[44.205,37.867],[44.301,37.804],[44.492,37.754],[44.427,37.644],[44.471,37.455],[44.66,37.286],[44.784,37.27],[44.795,37.132],[44.611,37.139],[44.343,36.907],[44.2,36.955],[44.154,37.076],[44.167,37.192],[44.044,37.26],[43.879,37.297],[43.769,37.191],[43.25,37.27],[43.087,37.256],[42.95,37.328],[42.53,37.202],[42.556,37.094],[42.132,36.697],[41.926,36.53],[41.536,36.451],[41.397,36.355],[41.293,36.195],[41.289,36.081],[41.373,35.852],[41.384,35.642],[41.119,34.427],[38.754,33.207],[38.775,33.166],[36.836,32.271],[35.866,32.746]]]]}},{"type":"Feature","properties":{"NAME":"Mesopotamia (GB)","ABBREVN":"Mesopotamia","SUBJECTO":"United Kingdom of Great Britain and Ireland","BORDERPRECISION":3,"PARTOF":"Mesopotamia (GB)"},"geometry":{"type":"MultiPolygon","coordinates":[[[[47.996,29.49],[47.845,29.503],[47.614,29.272],[47.804,29.185],[47.992,29.277],[48.129,29.268],[48.444,28.44],[48.154,28.421],[47.672,28.443],[47.439,28.829],[46.509,28.97],[44.688,29.029],[43.987,29.343],[43.622,29.468],[43.569,29.582],[43.547,29.95],[43.601,30.128],[43.54,30.293],[43.102,30.272],[43.039,30.303],[42.859,30.588],[42.743,30.676],[40.217,31.805],[39.876,31.905],[39.326,32.137],[39.004,31.862],[37.404,31.465],[37.113,31.362],[37.943,30.369],[37.394,29.877],[36.723,29.695],[36.516,29.421],[36.077,29.069],[35.072,29.211],[35.095,29.343],[35.073,29.419],[34.985,29.467],[35.164,29.96],[35.158,30.328],[35.39,30.818],[35.525,31.219],[35.523,31.404],[35.583,31.531],[35.669,32.452],[35.656,32.691],[35.866,32.746],[36.836,32.271],[38.775,33.166],[38.754,33.207],[41.119,34.427],[41.384,35.642],[41.373,35.852],[41.289,36.081],[41.293,36.195],[41.397,36.355],[41.536,36.451],[41.926,36.53],[42.132,36.697],[42.556,37.094],[42.53,37.202],[42.95,37.328],[43.087,37.256],[43.25,37.27],[43.769,37.191],[43.879,37.297],[44.044,37.26],[44.167,37.192],[44.154,37.076],[44.2,36.955],[44.343,36.907],[44.611,37.139],[44.795,37.132],[45.388,35.926],[45.73,35.832],[46.211,35.784],[46.001,35.515],[45.995,35.401],[46.184,35.058],[45.671,34.617],[45.565,34.274],[45.506,33.797],[46.105,33.21],[46.09,32.842],[46.124,32.772],[46.268,32.824],[46.508,32.812],[47.068,32.396],[47.264,32.302],[47.742,31.905],[47.793,31.797],[47.787,31.569],[47.698,31.289],[47.689,30.882],[48.033,30.878],[48.107,30.669],[48.081,30.395],[48.547,30.049],[48.554,29.995],[48.212,29.948],[48.028,29.973],[47.957,29.948],[47.911,29.89],[47.996,29.49]]]]}},{"type":"Feature","properties":{"NAME":"Greece","ABBREVN":"Greece","SUBJECTO":"Greece","BORDERPRECISION":3,"PARTOF":"Greece"},"geometry":{"type":"MultiPolygon","coordinates":[[[[27.392,39.655],[28.363,38.924],[28.389,38.008],[27.184,37.356],[27.16,37.36],[27.123,37.494],[27.18,37.774],[27.14,37.889],[26.961,37.946],[26.679,38.105],[26.512,38.066],[26.393,38.104],[26.392,38.219],[26.469,38.445],[26.742,38.278],[26.997,38.4],[26.82,38.527],[26.829,38.583],[26.696,38.641],[26.709,38.699],[26.966,38.77],[27.035,38.821],[27.004,38.885],[26.937,38.925],[26.785,38.94],[26.79,39.024],[26.871,39.056],[26.708,39.182],[26.704,39.25],[26.602,39.256],[26.854,39.461],[26.926,39.477],[26.945,39.519],[27.392,39.655]]],[[[23.41,38.944],[23.79,38.719],[24.132,38.653],[24.208,38.552],[24.292,38.195],[24.588,38.153],[24.527,37.967],[24.314,37.985],[24.025,38.386],[23.661,38.404],[23.6,38.457],[23.638,38.523],[23.121,38.867],[22.87,38.837],[23.014,38.961],[23.242,39.044],[23.41,38.944]]],[[[24.324,35.208],[24.013,35.21],[23.786,35.263],[23.513,35.276],[23.467,35.318],[23.529,35.57],[23.671,35.572],[23.665,35.667],[23.697,35.698],[23.743,35.562],[23.957,35.528],[24.082,35.612],[24.153,35.564],[24.136,35.522],[24.073,35.496],[24.22,35.449],[24.23,35.391],[24.388,35.373],[24.769,35.428],[24.997,35.421],[25.014,35.362],[25.512,35.295],[25.673,35.349],[25.714,35.327],[25.668,35.187],[25.742,35.137],[25.935,35.213],[26.064,35.239],[26.099,35.216],[26.274,35.313],[26.236,35.229],[26.243,35.145],[26.16,35.024],[25.899,35.045],[25.742,35.009],[24.693,34.94],[24.716,35.035],[24.69,35.092],[24.324,35.208]]],[[[20.789,40.335],[20.991,40.714],[21.668,40.826],[21.846,41.02],[22.01,41.091],[22.453,41.049],[22.961,41.244],[23.796,41.332],[24.155,41.449],[24.418,41.476],[25.359,41.154],[25.534,41.168],[26.036,41.293],[26.075,41.408],[26.032,41.556],[26.186,41.653],[26.397,41.641],[26.59,41.552],[26.646,41.45],[26.342,41.166],[26.021,40.669],[25.993,40.852],[25.301,40.896],[25.046,40.952],[25.019,41.017],[24.701,40.878],[24.519,40.873],[24.505,40.984],[24.354,40.971],[24.219,40.83],[24.025,40.746],[23.886,40.733],[23.748,40.804],[23.635,40.773],[23.633,40.713],[23.785,40.477],[23.924,40.451],[24.295,40.176],[24.221,40.145],[24.055,40.261],[24.048,40.308],[23.775,40.393],[23.722,40.348],[23.627,40.345],[23.652,40.229],[23.804,40.155],[23.869,40.161],[23.92,40.055],[23.907,39.997],[23.796,39.987],[23.596,40.192],[23.292,40.287],[23.293,40.245],[23.259,40.229],[23.367,40.108],[23.436,40.045],[23.592,40.002],[23.639,39.96],[23.597,39.934],[23.261,39.971],[23.276,40.05],[23.141,40.266],[22.96,40.315],[22.748,40.482],[22.864,40.535],[22.852,40.651],[22.77,40.667],[22.701,40.577],[22.492,40.498],[22.602,40.397],[22.49,40.231],[22.467,40.118],[22.695,39.834],[22.754,39.818],[22.813,39.603],[23.074,39.413],[23.236,39.203],[23.052,39.103],[23.1,39.187],[23.045,39.271],[22.981,39.329],[22.851,39.366],[22.72,39.287],[22.766,39.203],[22.835,39.166],[22.871,39.024],[22.784,38.94],[22.49,38.877],[22.723,38.793],[22.899,38.767],[22.984,38.667],[23.169,38.667],[23.191,38.61],[23.356,38.49],[23.494,38.483],[23.556,38.352],[23.804,38.347],[23.961,38.21],[23.967,38.152],[23.88,38.115],[23.987,37.763],[23.918,37.685],[23.836,37.685],[23.734,37.858],[23.634,37.879],[23.496,38.068],[23.419,38.068],[22.981,37.958],[22.898,37.9],[23.04,37.858],[23.049,37.643],[23.151,37.59],[23.322,37.637],[23.312,37.548],[23.418,37.469],[23.185,37.427],[23.186,37.375],[23.11,37.347],[22.971,37.385],[23.025,37.48],[22.942,37.518],[22.713,37.543],[22.642,37.585],[22.639,37.492],[22.726,37.289],[22.813,37.212],[22.793,37.139],[22.887,37.047],[22.983,36.615],[22.674,36.754],[22.524,36.722],[22.39,36.524],[22.191,36.855],[21.984,37.02],[21.781,36.823],[21.588,36.981],[21.531,37.115],[21.627,37.307],[21.614,37.415],[21.221,37.828],[21.228,37.905],[21.44,38.18],[21.714,38.135],[21.906,38.27],[22.747,37.953],[22.899,37.998],[23.116,38.157],[22.876,38.205],[22.334,38.427],[21.826,38.464],[21.364,38.412],[21.172,38.348],[20.772,38.851],[20.893,38.896],[21.007,38.871],[21.105,38.922],[21.16,39.005],[21.007,39.113],[20.901,39.062],[20.678,39.08],[20.212,39.405],[20.122,39.551],[20.385,39.949],[20.789,40.335]]],[[[25.873,36.356],[25.713,36.35],[25.789,36.405],[25.873,36.356]]],[[[25.493,36.423],[25.493,36.331],[25.386,36.319],[25.318,36.399],[25.371,36.497],[25.493,36.423]]],[[[25.949,36.911],[26.025,36.96],[26.086,36.899],[25.835,36.783],[25.751,36.783],[25.751,36.814],[25.858,36.838],[25.949,36.911]]],[[[24.588,36.869],[24.679,36.759],[24.466,36.649],[24.299,36.753],[24.588,36.869]]],[[[24.877,36.68],[24.976,36.637],[24.945,36.57],[24.824,36.637],[24.877,36.68]]],[[[25.196,36.674],[25.059,36.619],[25.044,36.661],[25.166,36.741],[25.196,36.674]]],[[[25.295,36.808],[25.432,36.698],[25.386,36.637],[25.265,36.704],[25.242,36.753],[25.295,36.808]]],[[[24.444,37.099],[24.428,37.208],[24.535,37.117],[24.444,37.099]]],[[[24.383,37.571],[24.261,37.541],[24.299,37.661],[24.398,37.667],[24.383,37.571]]],[[[24.36,37.305],[24.36,37.396],[24.398,37.468],[24.489,37.396],[24.36,37.305]]],[[[25.044,37.378],[24.846,37.366],[24.862,37.529],[24.945,37.51],[25.044,37.378]]],[[[25.272,37.565],[25.47,37.438],[25.318,37.402],[24.656,37.901],[24.763,38.003],[25.272,37.565]]],[[[24.786,36.948],[24.679,36.905],[24.649,37.014],[24.717,37.051],[24.786,36.948]]],[[[25.31,37.002],[25.113,36.941],[24.938,36.96],[25.151,37.172],[25.31,37.196],[25.31,37.002]]],[[[25.607,37.124],[25.599,37.026],[25.546,36.96],[25.455,36.923],[25.363,37.008],[25.341,37.087],[25.538,37.22],[25.607,37.124]]]]}},{"type":"Feature","properties":{"NAME":"Italy","ABBREVN":"Italy","SUBJECTO":"Italy","BORDERPRECISION":3,"PARTOF":"Italy"},"geometry":{"type":"MultiPolygon","coordinates":[[[[27.781,35.89],[27.722,35.93],[27.741,36.104],[27.72,36.166],[27.896,36.332],[28.226,36.453],[28.207,36.344],[28.123,36.186],[27.866,35.932],[27.781,35.89]]],[[[26.97,36.924],[26.919,36.947],[26.882,37.069],[26.961,37.056],[27.048,36.994],[27.05,36.949],[26.97,36.924]]],[[[26.971,36.672],[26.923,36.706],[26.918,36.755],[27.061,36.837],[27.284,36.901],[27.356,36.865],[26.992,36.751],[26.971,36.672]]],[[[26.887,37.097],[26.821,37.111],[26.778,37.188],[26.855,37.183],[26.887,37.097]]]]}},{"type":"Feature","properties":{"NAME":"Armenia","ABBREVN":"Armenia","SUBJECTO":"USSR","BORDERPRECISION":3,"PARTOF":"Armenia"},"geometry":{"type":"MultiPolygon","coordinates":[[[[44.67,39.757],[44.783,39.668],[45.029,39.309],[45.276,39.209],[45.409,39.028],[45.021,38.211],[45.205,38.169],[45.063,37.914],[44.205,37.867],[41.357,37.829],[40.862,38.056],[40.197,38.268],[39.351,39.071],[38.879,40.979],[39.37,41.064],[40.007,40.956],[40.361,40.963],[40.61,41.028],[41.293,41.286],[41.484,41.437],[42.25,41.369],[42.694,41.564],[42.878,41.546],[43.475,41.087],[43.847,40.75],[43.859,40.66],[43.67,40.295],[43.685,40.109],[43.812,40.014],[44.448,39.96],[44.67,39.757]]]]}},{"type":"Feature","properties":{"NAME":null,"ABBREVN":null,"SUBJECTO":null,"BORDERPRECISION":3,"PARTOF":null},"geometry":{"type":"MultiPolygon","coordinates":[[[[-4.153,53.226],[-4.351,53.124],[-4.402,53.126],[-4.567,53.273],[-4.569,53.388],[-4.429,53.424],[-4.314,53.412],[-4.222,53.322],[-4.06,53.306],[-4.153,53.226]]]]}},{"type":"Feature","properties":{"NAME":null,"ABBREVN":null,"SUBJECTO":null,"BORDERPRECISION":3,"PARTOF":null},"geometry":{"type":"MultiPolygon","coordinates":[[[[-5.104,55.439],[-5.224,55.43],[-5.34,55.475],[-5.4,55.601],[-5.381,55.669],[-5.295,55.717],[-5.168,55.684],[-5.085,55.557],[-5.075,55.463],[-5.104,55.439]]]]}},{"type":"Feature","properties":{"NAME":null,"ABBREVN":null,"SUBJECTO":null,"BORDERPRECISION":3,"PARTOF":null},"geometry":{"type":"MultiPolygon","coordinates":[[[[-6.122,55.879],[-6.03,55.721],[-6.025,55.681],[-6.077,55.65],[-6.274,55.573],[-6.326,55.587],[-6.253,55.764],[-6.325,55.781],[-6.449,55.68],[-6.501,55.673],[-6.45,55.849],[-6.31,55.864],[-6.142,55.934],[-6.122,55.879]]]]}},{"type":"Feature","properties":{"NAME":null,"ABBREVN":null,"SUBJECTO":null,"BORDERPRECISION":3,"PARTOF":null},"geometry":{"type":"MultiPolygon","coordinates":[[[[-5.947,55.83],[-5.972,55.788],[-6.074,55.812],[-6.079,55.906],[-5.968,56.024],[-5.711,56.15],[-5.685,56.126],[-5.702,56.099],[-5.947,55.83]]]]}},{"type":"Feature","properties":{"NAME":null,"ABBREVN":null,"SUBJECTO":null,"BORDERPRECISION":3,"PARTOF":null},"geometry":{"type":"MultiPolygon","coordinates":[[[[-7.467,56.941],[-7.55,56.947],[-7.446,57.056],[-7.378,56.982],[-7.467,56.941]]]]}},{"type":"Feature","properties":{"NAME":null,"ABBREVN":null,"SUBJECTO":null,"BORDERPRECISION":3,"PARTOF":null},"geometry":{"type":"MultiPolygon","coordinates":[[[[-7.223,57.337],[-7.285,57.336],[-7.226,57.097],[-7.381,57.109],[-7.417,57.182],[-7.425,57.382],[-7.336,57.396],[-7.223,57.337]]]]}},{"type":"Feature","properties":{"NAME":null,"ABBREVN":null,"SUBJECTO":null,"BORDERPRECISION":3,"PARTOF":null},"geometry":{"type":"MultiPolygon","coordinates":[[[[-7.269,57.399],[-7.378,57.42],[-7.406,57.464],[-7.358,57.488],[-7.205,57.461],[-7.202,57.419],[-7.269,57.399]]]]}},{"type":"Feature","properties":{"NAME":null,"ABBREVN":null,"SUBJECTO":null,"BORDERPRECISION":3,"PARTOF":null},"geometry":{"type":"MultiPolygon","coordinates":[[[[-7.189,57.687],[-7.075,57.642],[-7.168,57.508],[-7.315,57.504],[-7.348,57.551],[-7.536,57.586],[-7.473,57.655],[-7.275,57.656],[-7.189,57.687]]]]}},{"type":"Feature","properties":{"NAME":null,"ABBREVN":null,"SUBJECTO":null,"BORDERPRECISION":3,"PARTOF":null},"geometry":{"type":"MultiPolygon","coordinates":[[[[-7.006,57.881],[-7.074,57.878],[-7.007,57.92],[-7.006,57.881]]]]}},{"type":"Feature","properties":{"NAME":null,"ABBREVN":null,"SUBJECTO":null,"BORDERPRECISION":3,"PARTOF":null},"geometry":{"type":"MultiPolygon","coordinates":[[[[-6.802,58.203],[-6.869,58.204],[-6.889,58.244],[-6.81,58.229],[-6.802,58.203]]]]}},{"type":"Feature","properties":{"NAME":null,"ABBREVN":null,"SUBJECTO":null,"BORDERPRECISION":3,"PARTOF":null},"geometry":{"type":"MultiPolygon","coordinates":[[[[-6.204,58.356],[-6.328,58.238],[-6.148,58.256],[-6.158,58.218],[-6.601,58.085],[-6.396,58.105],[-6.354,58.033],[-6.474,57.948],[-6.538,57.916],[-6.653,57.92],[-6.706,58.008],[-6.599,58.045],[-6.67,58.058],[-6.761,57.998],[-6.665,57.901],[-6.735,57.826],[-6.961,57.727],[-7.12,57.814],[-7.127,57.833],[-7.029,57.832],[-6.83,57.901],[-7.113,57.984],[-7.056,58.02],[-7.127,58.123],[-7.041,58.233],[-6.92,58.216],[-6.936,58.188],[-6.874,58.111],[-6.873,58.179],[-6.75,58.185],[-6.818,58.28],[-6.798,58.302],[-6.56,58.36],[-6.253,58.512],[-6.166,58.425],[-6.204,58.356]]]]}},{"type":"Feature","properties":{"NAME":null,"ABBREVN":null,"SUBJECTO":null,"BORDERPRECISION":3,"PARTOF":null},"geometry":{"type":"MultiPolygon","coordinates":[[[[-2.918,58.732],[-2.971,58.742],[-3.037,58.818],[-2.894,58.837],[-2.918,58.732]]]]}},{"type":"Feature","properties":{"NAME":null,"ABBREVN":null,"SUBJECTO":null,"BORDERPRECISION":3,"PARTOF":null},"geometry":{"type":"MultiPolygon","coordinates":[[[[-3.231,58.776],[-3.296,58.776],[-3.431,58.871],[-3.418,58.904],[-3.349,58.927],[-3.233,58.887],[-3.136,58.804],[-3.231,58.776]]]]}},{"type":"Feature","properties":{"NAME":null,"ABBREVN":null,"SUBJECTO":null,"BORDERPRECISION":3,"PARTOF":null},"geometry":{"type":"MultiPolygon","coordinates":[[[[-2.793,58.951],[-2.756,58.918],[-2.824,58.879],[-2.97,58.939],[-3.195,58.911],[-3.346,58.966],[-3.368,59.014],[-3.351,59.106],[-3.219,59.149],[-3.077,59.122],[-2.947,58.998],[-2.793,58.951]]]]}},{"type":"Feature","properties":{"NAME":null,"ABBREVN":null,"SUBJECTO":null,"BORDERPRECISION":3,"PARTOF":null},"geometry":{"type":"MultiPolygon","coordinates":[[[[-2.681,59.196],[-2.691,59.214],[-2.556,59.303],[-2.414,59.314],[-2.39,59.283],[-2.621,59.236],[-2.681,59.196]]]]}},{"type":"Feature","properties":{"NAME":null,"ABBREVN":null,"SUBJECTO":null,"BORDERPRECISION":3,"PARTOF":null},"geometry":{"type":"MultiPolygon","coordinates":[[[[-2.89,59.295],[-2.85,59.268],[-2.877,59.229],[-2.937,59.284],[-2.999,59.261],[-3.074,59.324],[-2.89,59.295]]]]}},{"type":"Feature","properties":{"NAME":null,"ABBREVN":null,"SUBJECTO":null,"BORDERPRECISION":3,"PARTOF":null},"geometry":{"type":"MultiPolygon","coordinates":[[[[-1.296,60.491],[-1.041,60.447],[-1.101,60.276],[-1.187,60.27],[-1.126,60.152],[-1.212,60.103],[-1.26,59.862],[-1.307,59.857],[-1.372,59.892],[-1.261,60.116],[-1.291,60.241],[-1.403,60.256],[-1.353,60.209],[-1.449,60.151],[-1.52,60.201],[-1.648,60.225],[-1.693,60.28],[-1.32,60.356],[-1.446,60.461],[-1.61,60.474],[-1.547,60.536],[-1.302,60.637],[-1.296,60.491]]]]}},{"type":"Feature","properties":{"NAME":null,"ABBREVN":null,"SUBJECTO":null,"BORDERPRECISION":3,"PARTOF":null},"geometry":{"type":"MultiPolygon","coordinates":[[[[-1.029,60.496],[-1.127,60.486],[-1.17,60.527],[-1.181,60.624],[-1.11,60.726],[-0.997,60.725],[-0.982,60.656],[-1.029,60.496]]]]}},{"type":"Feature","properties":{"NAME":null,"ABBREVN":null,"SUBJECTO":null,"BORDERPRECISION":3,"PARTOF":null},"geometry":{"type":"MultiPolygon","coordinates":[[[[-0.82,60.689],[-0.959,60.682],[-0.939,60.794],[-0.883,60.842],[-0.757,60.814],[-0.82,60.689]]]]}},{"type":"Feature","properties":{"NAME":null,"ABBREVN":null,"SUBJECTO":null,"BORDERPRECISION":3,"PARTOF":null},"geometry":{"type":"MultiPolygon","coordinates":[[[[-6.655,61.389],[-6.846,61.468],[-6.963,61.619],[-6.889,61.645],[-6.729,61.576],[-6.655,61.389]]],[[[-6.604,61.822],[-6.652,61.743],[-6.836,61.818],[-6.909,61.901],[-6.783,61.897],[-6.604,61.822]]],[[[-7.05,62.068],[-7.186,62.02],[-7.232,62.065],[-7.251,62.043],[-7.378,62.065],[-7.435,62.14],[-7.231,62.16],[-7.056,62.099],[-7.05,62.068]]],[[[-6.707,61.937],[-6.869,61.997],[-7.035,62.112],[-7.232,62.172],[-7.211,62.285],[-7.135,62.304],[-7.066,62.282],[-6.991,62.193],[-6.719,62.029],[-6.707,61.937]]],[[[-6.62,62.23],[-6.681,62.242],[-6.721,62.331],[-6.62,62.23]]],[[[-6.657,62.056],[-6.948,62.182],[-7.062,62.296],[-6.958,62.339],[-6.601,62.197],[-6.588,62.134],[-6.65,62.102],[-6.657,62.056]]],[[[-6.419,62.184],[-6.518,62.169],[-6.572,62.212],[-6.588,62.24],[-6.551,62.251],[-6.549,62.301],[-6.574,62.35],[-6.542,62.357],[-6.493,62.291],[-6.398,62.26],[-6.419,62.184]]],[[[-6.586,62.256],[-6.664,62.322],[-6.661,62.372],[-6.574,62.306],[-6.586,62.256]]],[[[-6.406,62.284],[-6.48,62.298],[-6.547,62.384],[-6.498,62.386],[-6.406,62.284]]]]}},{"type":"Feature","properties":{"NAME":null,"ABBREVN":null,"SUBJECTO":null,"BORDERPRECISION":3,"PARTOF":null},"geometry":{"type":"MultiPolygon","coordinates":[[[[-4.778,54.056],[-4.714,54.214],[-4.625,54.249],[-4.541,54.356],[-4.368,54.417],[-4.308,54.301],[-4.386,54.196],[-4.624,54.069],[-4.778,54.056]]]]}},{"type":"Feature","properties":{"NAME":null,"ABBREVN":null,"SUBJECTO":null,"BORDERPRECISION":3,"PARTOF":null},"geometry":{"type":"MultiPolygon","coordinates":[[[[13.672,54.569],[13.67,54.522],[13.576,54.462],[13.617,54.404],[13.731,54.355],[13.731,54.276],[13.694,54.283],[13.713,54.321],[13.689,54.348],[13.508,54.343],[13.359,54.275],[13.426,54.252],[13.398,54.222],[13.122,54.331],[13.129,54.368],[13.261,54.379],[13.165,54.434],[13.232,54.486],[13.147,54.546],[13.304,54.55],[13.367,54.58],[13.447,54.489],[13.517,54.513],[13.503,54.55],[13.384,54.578],[13.375,54.61],[13.251,54.558],[13.225,54.634],[13.263,54.667],[13.424,54.683],[13.443,54.676],[13.397,54.652],[13.407,54.589],[13.672,54.569]]]]}},{"type":"Feature","properties":{"NAME":null,"ABBREVN":null,"SUBJECTO":null,"BORDERPRECISION":3,"PARTOF":null},"geometry":{"type":"MultiPolygon","coordinates":[[[[23.206,58.445],[23.142,58.444],[23.029,58.358],[22.757,58.24],[22.475,58.242],[22.289,58.188],[22.202,57.986],[22.022,57.91],[21.981,57.958],[22.082,58.077],[22.151,58.086],[22.197,58.137],[21.849,58.279],[21.874,58.34],[22.008,58.353],[21.832,58.505],[22.112,58.492],[22.189,58.545],[22.327,58.577],[22.905,58.617],[23.263,58.496],[23.333,58.442],[23.206,58.445]]]]}},{"type":"Feature","properties":{"NAME":null,"ABBREVN":null,"SUBJECTO":null,"BORDERPRECISION":3,"PARTOF":null},"geometry":{"type":"MultiPolygon","coordinates":[[[[22.948,58.844],[22.866,58.824],[22.887,58.788],[22.848,58.774],[22.784,58.776],[22.823,58.812],[22.776,58.819],[22.675,58.711],[22.532,58.689],[22.48,58.7],[22.45,58.831],[22.382,58.887],[22.246,58.879],[22.045,58.932],[22.434,58.966],[22.576,59.069],[22.699,59.051],[22.72,59.004],[22.93,58.982],[23.044,58.851],[23.022,58.821],[22.948,58.844]]]]}},{"type":"Feature","properties":{"NAME":null,"ABBREVN":null,"SUBJECTO":null,"BORDERPRECISION":3,"PARTOF":null},"geometry":{"type":"MultiPolygon","coordinates":[[[[20.123,60.081],[20.193,60.065],[20.227,60.003],[20.211,59.98],[20.004,60.051],[20.123,60.081]]]]}},{"type":"Feature","properties":{"NAME":null,"ABBREVN":null,"SUBJECTO":null,"BORDERPRECISION":3,"PARTOF":null},"geometry":{"type":"MultiPolygon","coordinates":[[[[20.295,60.121],[20.271,60.057],[20.205,60.081],[20.216,60.139],[20.295,60.121]]]]}},{"type":"Feature","properties":{"NAME":null,"ABBREVN":null,"SUBJECTO":null,"BORDERPRECISION":3,"PARTOF":null},"geometry":{"type":"MultiPolygon","coordinates":[[[[19.565,60.249],[19.612,60.253],[19.673,60.15],[19.551,60.125],[19.511,60.175],[19.565,60.249]]]]}},{"type":"Feature","properties":{"NAME":null,"ABBREVN":null,"SUBJECTO":null,"BORDERPRECISION":3,"PARTOF":null},"geometry":{"type":"MultiPolygon","coordinates":[[[[20.067,60.296],[20.025,60.311],[19.914,60.217],[20.026,60.154],[20.051,60.101],[19.968,60.09],[19.944,60.043],[19.908,60.095],[19.751,60.095],[19.648,60.257],[19.749,60.305],[19.783,60.293],[19.762,60.244],[19.817,60.188],[19.931,60.277],[19.899,60.34],[19.868,60.317],[19.78,60.349],[19.857,60.404],[20.277,60.274],[20.172,60.164],[20.092,60.17],[20.123,60.226],[20.067,60.296]]]]}},{"type":"Feature","properties":{"NAME":null,"ABBREVN":null,"SUBJECTO":null,"BORDERPRECISION":3,"PARTOF":null},"geometry":{"type":"MultiPolygon","coordinates":[[[[20.442,60.248],[20.387,60.193],[20.345,60.231],[20.366,60.266],[20.442,60.248]]]]}},{"type":"Feature","properties":{"NAME":"Andorra","ABBREVN":"Andorra","SUBJECTO":"Andorra","BORDERPRECISION":3,"PARTOF":"Andorra"},"geometry":{"type":"MultiPolygon","coordinates":[[[[1.782,42.57],[1.661,42.471],[1.542,42.437],[1.455,42.442],[1.424,42.493],[1.421,42.546],[1.481,42.647],[1.739,42.616],[1.782,42.57]]]]}}]}